tmdb_id,title,year,review_url
11674,101 Dalmatians,1996,https://nitrateonline.com/1996/r101pups.html
1645,A Time to Kill,1996,https://nitrateonline.com/1996/rtimekll.html
145,Breaking the Waves,1996,https://nitrateonline.com/1996/rbwaves.html
20649,Clockers,1996,https://nitrateonline.com/1996/rclock.html
47007,Deep Crimson,1996,https://nitrateonline.com/1996/rdpcrim.html
8512,Devil in a Blue Dress,1996,https://nitrateonline.com/1996/rdevilb.html
9268,Eraser,1996,https://nitrateonline.com/1996/reraser.html
8012,Get Shorty,1996,https://nitrateonline.com/1996/rgetshrt.html
61752,Girl 6,1996,https://nitrateonline.com/1996/rgirl6.html
602,Independence Day,1996,https://nitrateonline.com/1996/rid4.html
9390,Jerry Maguire,1996,https://nitrateonline.com/1996/rjmaguire.html
9333,Last Man Standing,1996,https://nitrateonline.com/1996/rlastman.html
451,Leaving Las Vegas,1996,https://nitrateonline.com/1996/rllv.html
11448,Mighty Aphrodite,1996,https://nitrateonline.com/1996/rma.html
954,Mission: Impossible,1996,https://nitrateonline.com/1996/rmi.html
11472,Nine Months,1996,https://nitrateonline.com/1996/r9months.html
9294,Phenomenon,1996,https://nitrateonline.com/1996/rphenom.html
3595,Ransom,1996,https://nitrateonline.com/1996/rransom.html
507567,The Seventh Cronicle,1996,https://nitrateonline.com/1996/rseven.html
11239,Shall We Dance?,1996,https://nitrateonline.com/1996/rswdance.html
9879,Striptease,1996,https://nitrateonline.com/1996/rstease.html
11000,The Birdcage,1996,https://nitrateonline.com/1996/rbcage.html
9802,The Rock,1996,https://nitrateonline.com/1996/rtherock.html
61086,The Wild Bunch: An Album in Montage,1996,https://nitrateonline.com/1996/rwildbch.html
10478,Tin Cup,1996,https://nitrateonline.com/1996/rtincup.html
464729,The Story Behind 'Toy Story',1996,https://nitrateonline.com/1996/rtoystry.html
664,Twister,1996,https://nitrateonline.com/1996/rtwister.html
9804,Waterworld,1996,https://nitrateonline.com/1996/rwaterwrld.html
8067,A Life Less Ordinary,1997,https://nitrateonline.com/1997/rlordinary.html
51352,Anne Frank Remembered,1997,https://nitrateonline.com/1997/rannefrk.html
431,Cube,1997,https://nitrateonline.com/1997/rcube.html
85588,Dadetown,1997,https://nitrateonline.com/1997/rdadetown.html
47449,Denise Calls Up,1997,https://nitrateonline.com/1997/rdenise.html
1007935,Evita: A Grave Without Peace,1997,https://nitrateonline.com/1997/revita.html
26180,Excess Baggage,1997,https://nitrateonline.com/1997/rbaggage.html
29911,FairyTale: A True Story,1997,https://nitrateonline.com/1997/rfairytale.html
38621,Firelight,1997,https://nitrateonline.com/1997/rfirelight.html
5910,Fireworks,1997,https://nitrateonline.com/1997/rfireworks.html
9574,Flubber,1997,https://nitrateonline.com/1997/rflubber.html
4421,G.I. Jane,1997,https://nitrateonline.com/1997/rgijane.html
11970,Hercules,1997,https://nitrateonline.com/1997/rhercules.html
22073,Hoodlum,1997,https://nitrateonline.com/1997/rhoodlum.html
12655,I Went Down,1997,https://nitrateonline.com/1997/rwentdown.html
9437,Kiss the Girls,1997,https://nitrateonline.com/1997/rkiss.html
784,Kolya,1997,https://nitrateonline.com/1997/rkolya.html
1624,Liar Liar,1997,https://nitrateonline.com/1997/rliar.html
637,Life Is Beautiful,1997,https://nitrateonline.com/1997/rlifebeaut.html
128,Princess Mononoke,1997,https://nitrateonline.com/1997/rm.html
27103,My Life in Pink,1997,https://nitrateonline.com/1997/rvierose.html
45120,Elvis Meets Nixon,1997,https://nitrateonline.com/1997/rnixon.html
255837,Nothing Personal,1997,https://nitrateonline.com/1997/rnpersonal.html
12233,Oliver & Company,1997,https://nitrateonline.com/1997/roliver.html
10975,Operation Condor,1997,https://nitrateonline.com/1997/rcondor.html
18080,Out to Sea,1997,https://nitrateonline.com/1997/routtosea.html
9407,Red Corner,1997,https://nitrateonline.com/1997/rredcorn.html
49798,Regeneration,1997,https://nitrateonline.com/1997/rregeneration.html
4584,Sense and Sensibility,1997,https://nitrateonline.com/1997/rsense.html
978,Seven Years in Tibet,1997,https://nitrateonline.com/1997/r7years.html
1270176,Bitter Smoke of Autumn,1997,https://nitrateonline.com/1997/rsmoke.html
54007,Star Kid,1997,https://nitrateonline.com/1997/rstarkid.html
10871,Switchback,1997,https://nitrateonline.com/1997/rswitchback.html
9087,The American President,1997,https://nitrateonline.com/1997/rampres.html
148636,The Hunchback,1997,https://nitrateonline.com/1997/rhunch.html
10144,The Little Mermaid,1997,https://nitrateonline.com/1997/rmermaid.html
98502,The Myth of Fingerprints,1997,https://nitrateonline.com/1997/rmyth.html
17770,Trial and Error,1997,https://nitrateonline.com/1997/rtrial.html
15321,Twin Town,1997,https://nitrateonline.com/1997/rtwintown.html
10155,U Turn,1997,https://nitrateonline.com/1997/ruturn.html
890280,Sex: Unzipped,1997,https://nitrateonline.com/1997/runzipped.html
3682,54,1998,https://nitrateonline.com/1998/r54.html
13982,8 Heads in a Duffel Bag,1998,https://nitrateonline.com/1998/r8heads.html
9429,A Night at the Roxbury,1998,https://nitrateonline.com/1998/rroxbury.html
1965,A Perfect Murder,1998,https://nitrateonline.com/1998/rpmurder.html
10223,A Simple Plan,1998,https://nitrateonline.com/1998/rsplan.html
9772,Air Force One,1998,https://nitrateonline.com/1998/rairforce1.html
8078,Alien Resurrection,1998,https://nitrateonline.com/1998/ralien.html
36136,Another Day in Paradise,1998,https://nitrateonline.com/1998/rparadise.html
8916,Antz,1998,https://nitrateonline.com/1998/rantz.html
9445,Apt Pupil,1998,https://nitrateonline.com/1998/raptpupil.html
95,Armageddon,1998,https://nitrateonline.com/1998/rarmaged.html
2898,As Good as It Gets,1998,https://nitrateonline.com/1998/rgoodas.html
816,Austin Powers: International Man of Mystery,1998,https://nitrateonline.com/1998/raustinp.html
9447,Babe: Pig in the City,1998,https://nitrateonline.com/1998/rbabe.html
11867,Barb Wire,1998,https://nitrateonline.com/1998/rbarbwir.html
14013,BASEketball,1998,https://nitrateonline.com/1998/rbaseket.html
39437,Beloved,1998,https://nitrateonline.com/1998/rbeloved.html
18316,Black Dog,1998,https://nitrateonline.com/1998/rblackdog.html
4995,Boogie Nights,1998,https://nitrateonline.com/1998/rboogie.html
11932,Bride of Chucky,1998,https://nitrateonline.com/1998/rbchucky.html
9208,Broken Arrow,1998,https://nitrateonline.com/1998/rbarrow.html
9452,Bulworth,1998,https://nitrateonline.com/1998/rbulworth.html
22797,The Butcher Boy,1998,https://nitrateonline.com/1998/rbutcherboy.html
9466,Celebrity,1998,https://nitrateonline.com/1998/rcelebrity.html
666,Central Station,1998,https://nitrateonline.com/1998/rcentral.html
26618,Clay Pigeons,1998,https://nitrateonline.com/1998/rclaypig.html
1701,Con Air,1998,https://nitrateonline.com/1998/rconair.html
8834,Conspiracy Theory,1998,https://nitrateonline.com/1998/rct.html
2142,Cop Land,1998,https://nitrateonline.com/1998/rcopland.html
17915,Dance with Me,1998,https://nitrateonline.com/1998/rdance.html
5332,Dancing at Lughnasa,1998,https://nitrateonline.com/1998/rlughnasa.html
9909,Dangerous Minds,1998,https://nitrateonline.com/1998/rdminds.html
2666,Dark City,1998,https://nitrateonline.com/1998/rdarkcity.html
2639,Deconstructing Harry,1998,https://nitrateonline.com/1998/rharry.html
8656,Deep Impact,1998,https://nitrateonline.com/1998/rdeepimpact.html
9457,Deep Rising,1998,https://nitrateonline.com/1998/rdeepris.html
9424,Disturbing Behavior,1998,https://nitrateonline.com/1998/rdisturbing.html
125582,Down in the Delta,1998,https://nitrateonline.com/1998/rdelta.html
4518,Elizabeth,1998,https://nitrateonline.com/1998/relizabeth.html
10061,Escape from L.A.,1998,https://nitrateonline.com/1998/rescape.html
754,Face/Off,1998,https://nitrateonline.com/1998/rfaceoff.html
9411,Fallen,1998,https://nitrateonline.com/1998/rfallen.html
1878,Fear and Loathing in Las Vegas,1998,https://nitrateonline.com/1998/rfllv.html
41417,Firestorm,1998,https://nitrateonline.com/1998/rfirestorm.html
782,Gattaca,1998,https://nitrateonline.com/1998/rgattaca.html
3033,Gods and Monsters,1998,https://nitrateonline.com/1998/rgodmon.html
929,Godzilla,1998,https://nitrateonline.com/1998/rgodzilla.html
710,GoldenEye,1998,https://nitrateonline.com/1998/rgldneye.html
56949,Wind with the Gone,1998,https://nitrateonline.com/1998/rgwtw.html
9410,Great Expectations,1998,https://nitrateonline.com/1998/rgreatexp.html
9434,Grosse Pointe Blank,1998,https://nitrateonline.com/1998/rgpblank.html
11675,Halloween H20: 20 Years Later,1998,https://nitrateonline.com/1998/rh20.html
11258,Hard Rain,1998,https://nitrateonline.com/1998/rhardrain.html
46992,Hilary and Jackie,1998,https://nitrateonline.com/1998/rhiljack.html
9713,Holy Man,1998,https://nitrateonline.com/1998/rholyman.html
12257,Home Fries,1998,https://nitrateonline.com/1998/rhomefries.html
9715,Hope Floats,1998,https://nitrateonline.com/1998/rhope.html
33644,How Stella Got Her Groove Back,1998,https://nitrateonline.com/1998/rstella.html
17941,Hush,1998,https://nitrateonline.com/1998/rhush.html
3600,I Still Know What You Did Last Summer,1998,https://nitrateonline.com/1998/rlastsum.html
9745,Jack Frost,1998,https://nitrateonline.com/1998/rjfrost.html
184,Jackie Brown,1998,https://nitrateonline.com/1998/rjackieb.html
11975,The Rainmaker,1998,https://nitrateonline.com/1998/rrainmaker.html
37498,Knock Off,1998,https://nitrateonline.com/1998/rknockoff.html
2118,L.A. Confidential,1998,https://nitrateonline.com/1998/rlacon.html
944,Lethal Weapon 4,1998,https://nitrateonline.com/1998/rlethalwep4.html
8545,Little Voice,1998,https://nitrateonline.com/1998/rlvoice.html
46889,Living Out Loud,1998,https://nitrateonline.com/1998/rlivingout.html
2157,Lost in Space,1998,https://nitrateonline.com/1998/rlostinspace.html
75,Mars Attacks!,1998,https://nitrateonline.com/1998/rmarsattacks.html
297,Meet Joe Black,1998,https://nitrateonline.com/1998/rjoeblack.html
607,Men in Black,1998,https://nitrateonline.com/1998/rmib.html
8838,Mercury Rising,1998,https://nitrateonline.com/1998/rmercrising.html
8197,Midnight in the Garden of Good and Evil,1998,https://nitrateonline.com/1998/rmidnite.html
9822,Mighty Joe Young,1998,https://nitrateonline.com/1998/rmjyoung.html
4961,Mimic,1998,https://nitrateonline.com/1998/rmimic.html
696855,Richmond Study 2 - Monument Avenue,1998,https://nitrateonline.com/1998/rmonument.html
6283,MouseHunt,1998,https://nitrateonline.com/1998/rmousehunt.html
10674,Mulan,1998,https://nitrateonline.com/1998/rmulan.html
10990,Mulholland Falls,1998,https://nitrateonline.com/1998/rmulfalls.html
8874,My Best Friend's Wedding,1998,https://nitrateonline.com/1998/rbfwedding.html
3065,Mystery Science Theater 3000: The Movie,1998,https://nitrateonline.com/1998/rmst3k.html
19426,Nights of Cabiria,1998,https://nitrateonline.com/1998/rcabiria.html
93350,No Looking Back,1998,https://nitrateonline.com/1998/rnolooking.html
39780,Oscar and Lucinda,1998,https://nitrateonline.com/1998/roscar.html
1389,Out of Sight,1998,https://nitrateonline.com/1998/routsight.html
30949,Palmetto,1998,https://nitrateonline.com/1998/rpalmetto.html
10312,Patch Adams,1998,https://nitrateonline.com/1998/rpatchadams.html
11855,Pecker,1998,https://nitrateonline.com/1998/rpecker.html
22318,Permanent Midnight,1998,https://nitrateonline.com/1998/rpmidnight.html
473,Pi,1998,https://nitrateonline.com/1998/rpi.html
9413,Picture Perfect,1998,https://nitrateonline.com/1998/rpicperfect.html
12628,Playing God,1998,https://nitrateonline.com/1998/rgod.html
2657,Pleasantville,1998,https://nitrateonline.com/1998/rpsntville.html
38509,Polish Wedding,1998,https://nitrateonline.com/1998/rpolishwedding.html
6435,Practical Magic,1998,https://nitrateonline.com/1998/rpmagic.html
9440,Primary Colors,1998,https://nitrateonline.com/1998/rpcolors.html
11252,Psycho,1998,https://nitrateonline.com/1998/rpsycho.html
10278,Return to Paradise,1998,https://nitrateonline.com/1998/rretpara.html
37536,Ringmaster,1998,https://nitrateonline.com/1998/rringmaster.html
9611,Romy and Michele's High School Reunion,1998,https://nitrateonline.com/1998/rromy.html
8195,Ronin,1998,https://nitrateonline.com/1998/rronin.html
10220,Rounders,1998,https://nitrateonline.com/1998/rrounders.html
2109,Rush Hour,1998,https://nitrateonline.com/1998/rrushhour.html
11545,Rushmore,1998,https://nitrateonline.com/1998/rrushmore.html
33271,Sabrina Goes to Rome,1998,https://nitrateonline.com/1998/rsabrina.html
857,Saving Private Ryan,1998,https://nitrateonline.com/1998/rprivateryan.html
4233,Scream 2,1998,https://nitrateonline.com/1998/rscream.html
1934,Shakespeare in Love,1998,https://nitrateonline.com/1998/rshakespeare.html
125762,Shattered Image,1998,https://nitrateonline.com/1998/rsimage.html
38295,She's So Lovely,1998,https://nitrateonline.com/1998/rlovely.html
22796,Simon Birch,1998,https://nitrateonline.com/1998/rsimon.html
6068,Six Days Seven Nights,1998,https://nitrateonline.com/1998/rsixdays.html
37532,Slam,1998,https://nitrateonline.com/1998/rslam.html
10215,Sliding Doors,1998,https://nitrateonline.com/1998/rsliding.html
14662,Slums of Beverly Hills,1998,https://nitrateonline.com/1998/rslums.html
11551,Small Soldiers,1998,https://nitrateonline.com/1998/rssoldiers.html
8688,Snake Eyes,1998,https://nitrateonline.com/1998/rsnakeeyes.html
1548774,Todd McFarlane's Spawn 2,1998,https://nitrateonline.com/1998/rspawn.html
10216,Species II,1998,https://nitrateonline.com/1998/rspecies2.html
1639,Speed 2: Cruise Control,1998,https://nitrateonline.com/1998/rspeed2.html
10153,Sphere,1998,https://nitrateonline.com/1998/rsphere.html
200,Star Trek: Insurrection,1998,https://nitrateonline.com/1998/rst-insur.html
199,Star Trek: First Contact,1998,https://nitrateonline.com/1998/rfirstcon.html
563,Starship Troopers,1998,https://nitrateonline.com/1998/rstarship.html
9441,Stepmom,1998,https://nitrateonline.com/1998/rstepmom.html
2895,The Apostle,1998,https://nitrateonline.com/1998/rapostle.html
9320,The Avengers,1998,https://nitrateonline.com/1998/ravengers.html
115,The Big Lebowski,1998,https://nitrateonline.com/1998/rlebowski.html
9449,The Borrowers,1998,https://nitrateonline.com/1998/rborrow.html
32326,The Cruise,1998,https://nitrateonline.com/1998/rcruise.html
9276,The Faculty,1998,https://nitrateonline.com/1998/rfaculty.html
18,The Fifth Element,1998,https://nitrateonline.com/1998/rfifthe.html
16885,The General,1998,https://nitrateonline.com/1998/rgeneral.html
547,The Horse Whisperer,1998,https://nitrateonline.com/1998/rhorsewhisperer.html
68924,The Ice Storm,1998,https://nitrateonline.com/1998/ricestorm.html
28134,The Impostors,1998,https://nitrateonline.com/1998/rimpostors.html
4824,The Jackal,1998,https://nitrateonline.com/1998/rjackal.html
2997,The Lost World,1998,https://nitrateonline.com/1998/rlostworld.html
9313,The Man in the Iron Mask,1998,https://nitrateonline.com/1998/rironmask.html
9342,The Mask of Zorro,1998,https://nitrateonline.com/1998/rzorro.html
9631,The Negotiator,1998,https://nitrateonline.com/1998/rnegotiator.html
17127,The Object of My Affection,1998,https://nitrateonline.com/1998/robject.html
9844,The Opposite of Sex,1998,https://nitrateonline.com/1998/roppositeofsex.html
9820,The Parent Trap,1998,https://nitrateonline.com/1998/rparenttrap.html
6623,The Peacemaker,1998,https://nitrateonline.com/1998/rpeacemaker.html
9922,The Postman,1998,https://nitrateonline.com/1998/rpostman.html
9837,The Prince of Egypt,1998,https://nitrateonline.com/1998/rpegypt.html
25163,The Rat Pack,1998,https://nitrateonline.com/1998/rratpack.html
9882,The Siege,1998,https://nitrateonline.com/1998/rsiege.html
29193,The Spanish Prisoner,1998,https://nitrateonline.com/1998/rspanish.html
10217,The Sweet Hereafter,1998,https://nitrateonline.com/1998/rhereafter.html
76857,The Theory of Flight,1998,https://nitrateonline.com/1998/rtflight.html
37165,The Truman Show,1998,https://nitrateonline.com/1998/rtrumanshow.html
10663,The Waterboy,1998,https://nitrateonline.com/1998/rwaterboy.html
846,The X-Files,1998,https://nitrateonline.com/1998/rxfiles.html
714,Tomorrow Never Dies,1998,https://nitrateonline.com/1998/rtomorrow.html
63,Twelve Monkeys,1998,https://nitrateonline.com/1998/r12monky.html
32456,Two Girls and a Guy,1998,https://nitrateonline.com/1998/r2girls.html
11808,U.S. Marshals,1998,https://nitrateonline.com/1998/rusmarshals.html
1808,Velvet Goldmine,1998,https://nitrateonline.com/1998/rvelvetgold.html
10029,Very Bad Things,1998,https://nitrateonline.com/1998/rverybad.html
586,Wag the Dog,1998,https://nitrateonline.com/1998/rwag.html
12159,What Dreams May Come,1998,https://nitrateonline.com/1998/rdreams.html
46702,Why Do Fools Fall In Love,1998,https://nitrateonline.com/1998/rfools.html
16148,Zero Effect,1998,https://nitrateonline.com/1998/rzeroeff.html
4951,10 Things I Hate About You,1999,https://nitrateonline.com/1999/r10things.html
15256,200 Cigarettes,1999,https://nitrateonline.com/1999/r200cigs.html
8224,8MM,1999,https://nitrateonline.com/1999/r8mm.html
9422,A Civil Action,1999,https://nitrateonline.com/1999/rcivil.html
104896,A Dog of Flanders,1999,https://nitrateonline.com/1999/rdog.html
28029,A Walk on the Moon,1999,https://nitrateonline.com/1999/rwalkmoon.html
31662,Affliction,1999,https://nitrateonline.com/1999/raffliction.html
15506,Agnes Browne,1999,https://nitrateonline.com/1999/ragnes.html
14,American Beauty,1999,https://nitrateonline.com/1999/rambeaut.html
2105,American Pie,1999,https://nitrateonline.com/1999/ramerpie.html
2105,American Pie,1999,https://nitrateonline.com/1999/ramerpie2.html
125123,Among Giants,1999,https://nitrateonline.com/1999/rgiants.html
21349,Anywhere but Here,1999,https://nitrateonline.com/1999/ranywhere.html
1073,Arlington Road,1999,https://nitrateonline.com/1999/rarlingrd.html
15556,At First Sight,1999,https://nitrateonline.com/1999/rsight.html
817,Austin Powers: The Spy Who Shagged Me,1999,https://nitrateonline.com/1999/rapowers2.html
492,Being John Malkovich,1999,https://nitrateonline.com/1999/rjohnmal.html
18621,Best Laid Plans,1999,https://nitrateonline.com/1999/rbestlaid.html
1614968,Beyond the Clouds,1999,https://nitrateonline.com/1999/rbclouds.html
2277,Bicentennial Man,1999,https://nitrateonline.com/1999/rbicent.html
63108,The Big Brass Ring,1999,https://nitrateonline.com/1999/rbigbrass.html
9032,Big Daddy,1999,https://nitrateonline.com/1999/rbigdaddy.html
11001,Blue Streak,1999,https://nitrateonline.com/1999/rblue.html
14484,Body Shots,1999,https://nitrateonline.com/1999/rbodyshots.html
11353,Bowfinger,1999,https://nitrateonline.com/1999/rbowfinger.html
17707,Brokedown Palace,1999,https://nitrateonline.com/1999/rbdownp.html
11779,Buena Vista Social Club,1999,https://nitrateonline.com/1999/rbuenavista.html
2162,Chill Factor,1999,https://nitrateonline.com/1999/rchilly.html
1715,The Cider House Rules,1999,https://nitrateonline.com/1999/rciderhouse.html
796,Cruel Intentions,1999,https://nitrateonline.com/1999/rcruel.html
8914,Deep Blue Sea,1999,https://nitrateonline.com/1999/rdeep.html
10402,Deuce Bigalow: Male Gigolo,1999,https://nitrateonline.com/1999/rdeuce.html
16406,Dick,1999,https://nitrateonline.com/1999/rdick.html
1832,Dogma,1999,https://nitrateonline.com/1999/rdogma.html
10398,Double Jeopardy,1999,https://nitrateonline.com/1999/r2jeopardy.html
14429,Drive Me Crazy,1999,https://nitrateonline.com/1999/rdrive.html
10490,Drop Dead Gorgeous,1999,https://nitrateonline.com/1999/rdropdead.html
11374,EDtv,1999,https://nitrateonline.com/1999/redtv.html
9451,Election,1999,https://nitrateonline.com/1999/relection.html
9946,End of Days,1999,https://nitrateonline.com/1999/rendofdays.html
1844,Entrapment,1999,https://nitrateonline.com/1999/rentrap.html
1844,Entrapment,1999,https://nitrateonline.com/1999/rentrap2.html
24858,Eternity and a Day,1999,https://nitrateonline.com/1999/reternity.html
345,Eyes Wide Shut,1999,https://nitrateonline.com/1999/rews.html
550,Fight Club,1999,https://nitrateonline.com/1999/rfightclub.html
31582,Flawless,1999,https://nitrateonline.com/1999/rflawless.html
2074,Flirting with Disaster,1999,https://nitrateonline.com/1999/rflirting.html
10390,For Love of the Game,1999,https://nitrateonline.com/1999/rgame.html
1641,Forces of Nature,1999,https://nitrateonline.com/1999/rforces.html
17706,Two Years In Galapagos,1999,https://nitrateonline.com/1999/rgalapagos.html
926,Galaxy Quest,1999,https://nitrateonline.com/1999/rgalaxy.html
24584,Get Real,1999,https://nitrateonline.com/1999/rgetreal.html
3558,"Girl, Interrupted",1999,https://nitrateonline.com/1999/rgirlinter.html
45712,Gloria,1999,https://nitrateonline.com/1999/rgloria.html
9430,Go,1999,https://nitrateonline.com/1999/rgo.html
82865,"God Said, 'Ha!'",1999,https://nitrateonline.com/1999/rha.html
49981,Goodbye Lover,1999,https://nitrateonline.com/1999/rgoodbye.html
13787,Holy Smoke,1999,https://nitrateonline.com/1999/rholysmoke.html
24525,Hurlyburly,1999,https://nitrateonline.com/1999/rhurlyburly.html
10400,The Hurricane,1999,https://nitrateonline.com/1999/rhurricane.html
24137,An Ideal Husband,1999,https://nitrateonline.com/1999/ridealhub.html
6552,Idle Hands,1999,https://nitrateonline.com/1999/ridlehands.html
28902,In Dreams,1999,https://nitrateonline.com/1999/rindreams.html
22314,In Too Deep,1999,https://nitrateonline.com/1999/rtoodeep.html
332,Inspector Gadget,1999,https://nitrateonline.com/1999/rgadget.html
10386,The Iron Giant,1999,https://nitrateonline.com/1999/rirongiant.html
2290,Jakob the Liar,1999,https://nitrateonline.com/1999/rjakob.html
18892,Jawbreaker,1999,https://nitrateonline.com/1999/rjawbreak.html
25512,Jeanne and the Perfect Guy,1999,https://nitrateonline.com/1999/rjeannie.html
42881,Julien Donkey-Boy,1999,https://nitrateonline.com/1999/rjuliendb.html
9825,Lake Placid,1999,https://nitrateonline.com/1999/rlakeplacid.html
10376,The Legend of 1900,1999,https://nitrateonline.com/1999/rlegend.html
19052,Light It Up,1999,https://nitrateonline.com/1999/rlight.html
62676,Limbo,1999,https://nitrateonline.com/1999/rlimbo.html
100,"Lock, Stock and Two Smoking Barrels",1999,https://nitrateonline.com/1999/rlockstock.html
1850,Man on the Moon,1999,https://nitrateonline.com/1999/rmoon.html
30950,Metroland,1999,https://nitrateonline.com/1999/rmetroland.html
10154,Mickey Blue Eyes,1999,https://nitrateonline.com/1999/rmickey.html
24071,Mumford,1999,https://nitrateonline.com/1999/rmumford.html
26149,Music of the Heart,1999,https://nitrateonline.com/1999/rmusic.html
9849,My Favorite Martian,1999,https://nitrateonline.com/1999/rmartian.html
48958,My Life So Far,1999,https://nitrateonline.com/1999/rmylife.html
8129,My Name Is Joe,1999,https://nitrateonline.com/1999/rjoe.html
9824,Mystery Men,1999,https://nitrateonline.com/1999/rmysterymen.html
15198,"Mystery, Alaska",1999,https://nitrateonline.com/1999/rmystery.html
11355,Never Been Kissed,1999,https://nitrateonline.com/1999/rneverkiss.html
21430,New Rose Hotel,1999,https://nitrateonline.com/1999/rrose.html
509,Notting Hill,1999,https://nitrateonline.com/1999/rno.html
509,Notting Hill,1999,https://nitrateonline.com/1999/rnottinghill.html
13466,October Sky,1999,https://nitrateonline.com/1999/roctsky.html
1542,Office Space,1999,https://nitrateonline.com/1999/rospace1.html
1542,Office Space,1999,https://nitrateonline.com/1999/rospace2.html
14578,Outside Providence,1999,https://nitrateonline.com/1999/rprovidence.html
2112,Payback,1999,https://nitrateonline.com/1999/rpayback1.html
2112,Payback,1999,https://nitrateonline.com/1999/rpayback2.html
10228,Pokémon: The First Movie,1999,https://nitrateonline.com/1999/rpokemon.html
128,Princess Mononoke,1999,https://nitrateonline.com/1999/rmononoke.html
12596,Pushing Tin,1999,https://nitrateonline.com/1999/rpushingtin.html
50008,RKO 281,1999,https://nitrateonline.com/1999/rrko281.html
12618,Random Hearts,1999,https://nitrateonline.com/1999/rranhearts.html
10212,Ravenous,1999,https://nitrateonline.com/1999/rravenous.html
22267,Ride with the Devil,1999,https://nitrateonline.com/1999/rride.html
26338,Romance,1999,https://nitrateonline.com/1999/rromance.html
4806,Runaway Bride,1999,https://nitrateonline.com/1999/rrunaway2.html
4806,Runaway Bride,1999,https://nitrateonline.com/1999/rrunaway3.html
6396,SLC Punk,1999,https://nitrateonline.com/1999/rslcpunk.html
50116,Simpatico,1999,https://nitrateonline.com/1999/rsympatico.html
16172,Simply Irresistible,1999,https://nitrateonline.com/1999/rsimply.html
2668,Sleepy Hollow,1999,https://nitrateonline.com/1999/rsleepy.html
9473,"South Park: Bigger, Longer & Uncut",1999,https://nitrateonline.com/1999/rsouthpark.html
19310,Spectres of the Spectrum,1999,https://nitrateonline.com/1999/rspectres.html
1893,Star Wars: Episode I - The Phantom Menace,1999,https://nitrateonline.com/1999/rphantom.html
10307,Stigmata,1999,https://nitrateonline.com/1999/rstigmata.html
11601,Stir of Echoes,1999,https://nitrateonline.com/1999/rechoes1.html
11601,Stir of Echoes,1999,https://nitrateonline.com/1999/rechoes2.html
798941,Chikara: Stop Making Sense,1999,https://nitrateonline.com/1999/rsms.html
10137,Stuart Little,1999,https://nitrateonline.com/1999/rstuart.html
10279,Summer of Sam,1999,https://nitrateonline.com/1999/rsam.html
10563,Three to Tango,1999,https://nitrateonline.com/1999/rtango.html
37135,Tarzan,1999,https://nitrateonline.com/1999/rtarzan.html
10368,Tea with Mussolini,1999,https://nitrateonline.com/1999/rtea.html
10342,Teaching Mrs. Tingle,1999,https://nitrateonline.com/1999/rtingle.html
16162,The Best Man,1999,https://nitrateonline.com/1999/rbestman.html
2667,The Blair Witch Project,1999,https://nitrateonline.com/1999/rblair.html
376660,The Edge of Seventeen,1999,https://nitrateonline.com/1999/redge17.html
497,The Green Mile,1999,https://nitrateonline.com/1999/rgmile.html
9524,The Harmonists,1999,https://nitrateonline.com/1999/rharmonists.html
11618,The Haunting,1999,https://nitrateonline.com/1999/rhaunting.html
9008,The Insider,1999,https://nitrateonline.com/1999/rinsider.html
47288,The King and I,1999,https://nitrateonline.com/1999/rkingandi.html
4966,The Last Days,1999,https://nitrateonline.com/1999/rlastdays.html
10388,The Limey,1999,https://nitrateonline.com/1999/rlimey.html
31342,The Love Letter,1999,https://nitrateonline.com/1999/rloveletter.html
10047,The Messenger: The Story of Joan of Arc,1999,https://nitrateonline.com/1999/rjoanarc.html
21719,The Minus Man,1999,https://nitrateonline.com/1999/rminusman.html
16379,The Mod Squad,1999,https://nitrateonline.com/1999/rmodsquad.html
564,The Mummy,1999,https://nitrateonline.com/1999/rmummy.html
18417,The Other Sister,1999,https://nitrateonline.com/1999/rothersis.html
8970,The Out-of-Towners,1999,https://nitrateonline.com/1999/rootowners.html
14283,The Red Violin,1999,https://nitrateonline.com/1999/rredviolin.html
745,The Sixth Sense,1999,https://nitrateonline.com/1999/r6thsense.html
12220,The Story of Us,1999,https://nitrateonline.com/1999/rstoryus.html
404,The Straight Story,1999,https://nitrateonline.com/1999/rsstory.html
1213,The Talented Mr. Ripley,1999,https://nitrateonline.com/1999/rripley.html
188608,The Thin Red Line,1999,https://nitrateonline.com/1999/rredline.html
1090,The Thirteenth Floor,1999,https://nitrateonline.com/1999/r13thfloor.html
913,The Thomas Crown Affair,1999,https://nitrateonline.com/1999/rcrown.html
16158,The Wood,1999,https://nitrateonline.com/1999/rwood.html
36643,The World Is Not Enough,1999,https://nitrateonline.com/1999/rbond.html
25232,This Is My Father,1999,https://nitrateonline.com/1999/rmyfather.html
6415,Three Kings,1999,https://nitrateonline.com/1999/r3kings.html
4154,Three Seasons,1999,https://nitrateonline.com/1999/r3seasons.html
863,Toy Story 2,1999,https://nitrateonline.com/1999/rtoystory2.html
15800,Trekkies,1999,https://nitrateonline.com/1999/rtrekkies.html
10354,True Crime,1999,https://nitrateonline.com/1999/rtruecrime.html
55123,Tumbleweeds,1999,https://nitrateonline.com/1999/rtumbleweeds.html
55912,The Man with Rain in His Shoes,1999,https://nitrateonline.com/1999/rtwice.html
18764,Twin Dragons,1999,https://nitrateonline.com/1999/rtwindrag.html
33430,Twin Falls Idaho,1999,https://nitrateonline.com/1999/rtwinfalls.html
10366,Universal Soldier: The Return,1999,https://nitrateonline.com/1999/runisoldier.html
14709,Varsity Blues,1999,https://nitrateonline.com/1999/rvarsity.html
9423,Virus,1999,https://nitrateonline.com/1999/rvirus.html
10162,Waking Ned,1999,https://nitrateonline.com/1999/rneddevine.html
8487,Wild Wild West,1999,https://nitrateonline.com/1999/rwildwest.html
169627,Windhorse,1999,https://nitrateonline.com/1999/rwindhorse.html
10350,Wing Commander,1999,https://nitrateonline.com/1999/rwingcom.html
33194,Xiu Xiu: The Sent-Down Girl,1999,https://nitrateonline.com/1999/rxiuxiu.html
1946,eXistenZ,1999,https://nitrateonline.com/1999/rexistenz.html
22908,A Room for Romeo Brass,2000,https://nitrateonline.com/2000/rromeob.html
29270,A Time for Drunken Horses,2000,https://nitrateonline.com/2000/rdhorses.html
21355,All the Pretty Horses,2000,https://nitrateonline.com/2000/rprettyhorse.html
1359,American Psycho,2000,https://nitrateonline.com/2000/rampsycho1.html
1359,American Psycho,2000,https://nitrateonline.com/2000/rampsycho2.html
10641,Autumn in New York,2000,https://nitrateonline.com/2000/rautumnny.html
1249347,Playboy: Strip Search Backstage,2000,https://nitrateonline.com/2000/rbackstage.html
14805,Bait,2000,https://nitrateonline.com/2000/rbait.html
24664,Bamboozled,2000,https://nitrateonline.com/2000/rbambooz.html
1438651,Barenaked Ladies: Barenaked In America,2000,https://nitrateonline.com/2000/rbare.html
5491,Battlefield Earth,2000,https://nitrateonline.com/2000/rbattlefield.html
1636,Bedazzled,2000,https://nitrateonline.com/2000/rbedazzled.html
13785,Best in Show,2000,https://nitrateonline.com/2000/rbestinshow.html
1082024,Brownsville Black and White,2000,https://nitrateonline.com/2000/rbw.html
11531,Book of Shadows: Blair Witch 2,2000,https://nitrateonline.com/2000/rblairwitch2.html
10391,Bless the Child,2000,https://nitrateonline.com/2000/rbless.html
11368,Blood Simple,2000,https://nitrateonline.com/2000/rblood.html
14181,Boiler Room,2000,https://nitrateonline.com/2000/rboilerroom.html
10571,Boys and Girls,2000,https://nitrateonline.com/2000/rboysgirls.html
1588,Bring It On,2000,https://nitrateonline.com/2000/rbringiton.html
95136,Bruno,2000,https://nitrateonline.com/2000/rbruno.html
8358,Cast Away,2000,https://nitrateonline.com/2000/rcastaway.html
287821,Catfish in Black Bean Sauce,2000,https://nitrateonline.com/2000/rcatfish.html
14195,Cecil B. Demented,2000,https://nitrateonline.com/2000/rcecil.html
7443,Chicken Run,2000,https://nitrateonline.com/2000/rchicken.html
40562,Committed,2000,https://nitrateonline.com/2000/rcommitted.html
6282,Coyote Ugly,2000,https://nitrateonline.com/2000/rcoyote.html
146,"Crouching Tiger, Hidden Dragon",2000,https://nitrateonline.com/2000/rtiger.html
103509,Chameleon 3: Dark Angel,2000,https://nitrateonline.com/2000/rdarkangel.html
14273,Dark Days,2000,https://nitrateonline.com/2000/rdarkdays.html
45602,Disappearing Acts,2000,https://nitrateonline.com/2000/rdisappearing.html
10472,Down to You,2000,https://nitrateonline.com/2000/rdown2u.html
10763,Dr. T & the Women,2000,https://nitrateonline.com/2000/rdrt.html
25166,Drowning Mona,2000,https://nitrateonline.com/2000/rdrowning.html
18074,Duets,2000,https://nitrateonline.com/2000/rduets.html
11849,Dungeons & Dragons,2000,https://nitrateonline.com/2000/rdd.html
5491,Battlefield Earth,2000,https://nitrateonline.com/2000/rearth.html
20024,The End of the Affair,2000,https://nitrateonline.com/2000/rendaffair.html
462,Erin Brockovich,2000,https://nitrateonline.com/2000/rerinb.html
5994,The Family Man,2000,https://nitrateonline.com/2000/rfamily.html
49948,Fantasia 2000,2000,https://nitrateonline.com/2000/rfantasia2k.html
9532,Final Destination,2000,https://nitrateonline.com/2000/rfinaldest.html
711,Finding Forrester,2000,https://nitrateonline.com/2000/rforrester.html
18553,Forever Mine,2000,https://nitrateonline.com/2000/rforever.html
10559,Frequency,2000,https://nitrateonline.com/2000/rfrequency.html
10461,Get Carter,2000,https://nitrateonline.com/2000/rcarter.html
4816,Ghost Dog: The Way of the Samurai,2000,https://nitrateonline.com/2000/rghostdog.html
4816,Ghost Dog: The Way of the Samurai,2000,https://nitrateonline.com/2000/rghostdog2.html
19348,Girlfight,2000,https://nitrateonline.com/2000/rgirlfight.html
98,Gladiator,2000,https://nitrateonline.com/2000/rgladiator.html
9679,Gone in Sixty Seconds,2000,https://nitrateonline.com/2000/r60secs.html
18041,Gossip,2000,https://nitrateonline.com/2000/rgossip.html
11688,The Emperor's New Groove,2000,https://nitrateonline.com/2000/rgroove.html
277882,Half Past Autumn: The Life and Works of Gordon Parks,2000,https://nitrateonline.com/2000/rhalfpast.html
10385,Hanging Up,2000,https://nitrateonline.com/2000/rhangingup.html
13539,Here on Earth,2000,https://nitrateonline.com/2000/rhereonearth.html
243,High Fidelity,2000,https://nitrateonline.com/2000/rhighfid.html
57450,Holiday Heart,2000,https://nitrateonline.com/2000/rholiday.html
9383,Hollow Man,2000,https://nitrateonline.com/2000/rhollowman.html
8871,How the Grinch Stole Christmas,2000,https://nitrateonline.com/2000/rgrinch.html
57400,The Human Resources Manager,2000,https://nitrateonline.com/2000/rhr.html
21311,I Dreamed of Africa,2000,https://nitrateonline.com/2000/rafrica.html
58062,Into the Arms of Strangers: Stories of the Kindertransport,2000,https://nitrateonline.com/2000/rkindertrans.html
36048,Judy Berlin,2000,https://nitrateonline.com/2000/rjudyberlin.html
4967,Keeping the Faith,2000,https://nitrateonline.com/2000/rfaith.html
1103851,La traviata,2000,https://nitrateonline.com/2000/rlatrav.html
9678,Little Nicky,2000,https://nitrateonline.com/2000/rlilnick.html
10642,Loser,2000,https://nitrateonline.com/2000/rloser.html
10383,Lost Souls,2000,https://nitrateonline.com/2000/rsouls.html
44387,That Moment: Magnolia Diary,2000,https://nitrateonline.com/2000/rmagnolia.html
1597,Meet the Parents,2000,https://nitrateonline.com/2000/rparents.html
11978,Men of Honor,2000,https://nitrateonline.com/2000/rhonor.html
955,Mission: Impossible II,2000,https://nitrateonline.com/2000/rmi2.html
36210,Not One Less,2000,https://nitrateonline.com/2000/rnotone.html
10480,Nurse Betty,2000,https://nitrateonline.com/2000/rbetty.html
12107,Nutty Professor II: The Klumps,2000,https://nitrateonline.com/2000/rklumps.html
34039,One Day In September,2000,https://nitrateonline.com/2000/roneday.html
30237,Onegin,2000,https://nitrateonline.com/2000/ronegin.html
19214,Passion of Mind,2000,https://nitrateonline.com/2000/rpassion.html
10647,Pay It Forward,2000,https://nitrateonline.com/2000/rpayit.html
2787,Pitch Black,2000,https://nitrateonline.com/2000/rpitchblack.html
20761,Play It to the Bone,2000,https://nitrateonline.com/2000/rplayit.html
53263,Price of Glory,2000,https://nitrateonline.com/2000/rprice.html
99956,What the Folk?... Behind the Scenes of 'Queer as Folk',2000,https://nitrateonline.com/2000/rqueer.html
95251,Operation Delta Force 5: Random Fire,2000,https://nitrateonline.com/2000/rran.html
8870,Red Planet,2000,https://nitrateonline.com/2000/rredplanet.html
2155,Reindeer Games,2000,https://nitrateonline.com/2000/rreindeer.html
55302,Relative Values,2000,https://nitrateonline.com/2000/rrelativev.html
10637,Remember the Titans,2000,https://nitrateonline.com/2000/rtitans.html
641,Requiem for a Dream,2000,https://nitrateonline.com/2000/rrequiem.html
2621,Return to Me,2000,https://nitrateonline.com/2000/rreturn.html
17711,The Adventures of Rocky & Bullwinkle,2000,https://nitrateonline.com/2000/rrocky.html
2085,Romeo Must Die,2000,https://nitrateonline.com/2000/rromeomustdie.html
10479,Rules of Engagement,2000,https://nitrateonline.com/2000/rrules.html
2360,Saving Grace,2000,https://nitrateonline.com/2000/rgrace.html
4234,Scream 3,2000,https://nitrateonline.com/2000/rscream3.html
19419,Screwed,2000,https://nitrateonline.com/2000/rscrewed.html
479,Shaft,2000,https://nitrateonline.com/2000/rshaft.html
8584,Shanghai Noon,2000,https://nitrateonline.com/2000/rshanghai.html
245260,Six Days in Roswell,2000,https://nitrateonline.com/2000/rroswell.html
10569,Small Time Crooks,2000,https://nitrateonline.com/2000/rsmall.html
10219,Snow Falling on Cedars,2000,https://nitrateonline.com/2000/rsnow.html
81517,Solomon & Gaenor,2000,https://nitrateonline.com/2000/rsolomon.html
207622,Southpaw,2000,https://nitrateonline.com/2000/rsouthpaw.html
5551,Space Cowboys,2000,https://nitrateonline.com/2000/rspace.html
21991,State and Main,2000,https://nitrateonline.com/2000/rstate.html
207625,Such a Long Journey,2000,https://nitrateonline.com/2000/rlong.html
10384,Supernova,2000,https://nitrateonline.com/2000/rsupernova.html
9684,Sweet and Lowdown,2000,https://nitrateonline.com/2000/rsweetlow.html
8452,The 6th Day,2000,https://nitrateonline.com/2000/r6thday.html
292927,The Art of Amália,2000,https://nitrateonline.com/2000/ramalia.html
11398,The Art of War,2000,https://nitrateonline.com/2000/rwar.html
1907,The Beach,2000,https://nitrateonline.com/2000/rbeach.html
1907,The Beach,2000,https://nitrateonline.com/2000/rbeach2.html
8843,The Cell,2000,https://nitrateonline.com/2000/rcell.html
73642,The Closer You Get,2000,https://nitrateonline.com/2000/rcloseruget.html
6521,The Contender,2000,https://nitrateonline.com/2000/rcontender.html
19150,The Crew,2000,https://nitrateonline.com/2000/rcrew.html
9552,The Exorcist,2000,https://nitrateonline.com/2000/rexorcist.html
15665,The Eyes of Tammy Faye,2000,https://nitrateonline.com/2000/reyes.html
889,The Flintstones in Viva Rock Vegas,2000,https://nitrateonline.com/2000/rflintstones.html
10591,The Girl Next Door,2000,https://nitrateonline.com/2000/rgirlndoor.html
452,The Idiots,2000,https://nitrateonline.com/2000/ridiots.html
36047,The In Crowd,2000,https://nitrateonline.com/2000/rincrowd.html
16888,The Ladies Man,2000,https://nitrateonline.com/2000/rladies.html
4958,The Legend of Bagger Vance,2000,https://nitrateonline.com/2000/rbaggerv.html
12207,The Legend of Drunken Master,2000,https://nitrateonline.com/2000/rdrunken.html
12207,The Legend of Drunken Master,2000,https://nitrateonline.com/2000/rdrunken2.html
41276,The Life and Times of Hank Greenberg,2000,https://nitrateonline.com/2000/rgreenberg.html
1831,The Next Best Thing,2000,https://nitrateonline.com/2000/rnextbest.html
622,The Ninth Gate,2000,https://nitrateonline.com/2000/r9thgate.html
45905,The Opportunists,2000,https://nitrateonline.com/2000/ropportunists.html
23618,The Original Kings of Comedy,2000,https://nitrateonline.com/2000/rcomedy.html
2024,The Patriot,2000,https://nitrateonline.com/2000/rpatriot.html
2133,The Perfect Storm,2000,https://nitrateonline.com/2000/rstorm.html
10393,The Replacements,2000,https://nitrateonline.com/2000/rreplace.html
11478,The Skulls,2000,https://nitrateonline.com/2000/rskulls.html
20438,The Tao of Steve,2000,https://nitrateonline.com/2000/rtao.html
15655,The Tigger Movie,2000,https://nitrateonline.com/2000/rtigger.html
1443,The Virgin Suicides,2000,https://nitrateonline.com/2000/rvirgin.html
10685,The Watcher,2000,https://nitrateonline.com/2000/rwatcher.html
1619,The Way of the Gun,2000,https://nitrateonline.com/2000/rgun.html
2069,The Whole Nine Yards,2000,https://nitrateonline.com/2000/r9yards.html
1448,Immortality,2000,https://nitrateonline.com/2000/rwisdom.html
28666,The Woman Chaser,2000,https://nitrateonline.com/2000/rwomanchaser.html
19457,The Yards,2000,https://nitrateonline.com/2000/ryards.html
11031,This Is Spinal Tap,2000,https://nitrateonline.com/2000/rspinaltap.html
16110,Thomas and the Magic Railroad,2000,https://nitrateonline.com/2000/rthomas.html
36234,Timecode,2000,https://nitrateonline.com/2000/rtimecode.html
7450,Titan A.E.,2000,https://nitrateonline.com/2000/rtitanae.html
83036,Titanic Town,2000,https://nitrateonline.com/2000/rtitanictown.html
1497961,William Shakespeare's Titus Andronicus,2000,https://nitrateonline.com/2000/rtitus.html
46435,Topsy-Turvy,2000,https://nitrateonline.com/2000/rtopsy.html
9995,Turn It Up,2000,https://nitrateonline.com/2000/rturnitup.html
63956,Two Family House,2000,https://nitrateonline.com/2000/r2family.html
3536,U-571,2000,https://nitrateonline.com/2000/ru571.html
9741,Unbreakable,2000,https://nitrateonline.com/2000/runbreakable.html
12212,Urban Legends: Final Cut,2000,https://nitrateonline.com/2000/rurban.html
77332,Urbania,2000,https://nitrateonline.com/2000/rurbania.html
33491,Venus Beauty Institute,2000,https://nitrateonline.com/2000/rvenus.html
11678,Vertical Limit,2000,https://nitrateonline.com/2000/rvertical.html
2655,What Lies Beneath,2000,https://nitrateonline.com/2000/rbeneath.html
10416,What Planet Are You From?,2000,https://nitrateonline.com/2000/rwhatplanet.html
31776,Where the Money Is,2000,https://nitrateonline.com/2000/rmoney.html
23531,Whipped,2000,https://nitrateonline.com/2000/rwhipped.html
11004,Wonder Boys,2000,https://nitrateonline.com/2000/rwonderboys.html
36657,X-Men,2000,https://nitrateonline.com/2000/rxmen.html
9378,Thir13en Ghosts,2001,https://nitrateonline.com/2001/r13ghosts.html
12138,3000 Miles to Graceland,2001,https://nitrateonline.com/2001/r3000miles.html
453,A Beautiful Mind,2001,https://nitrateonline.com/2001/rmind.html
644,A.I. Artificial Intelligence,2001,https://nitrateonline.com/2001/rai.html
8489,Ali,2001,https://nitrateonline.com/2001/rali.html
13496,American Outlaws,2001,https://nitrateonline.com/2001/routlaws.html
2770,American Pie 2,2001,https://nitrateonline.com/2001/rampie2.html
55,Amores Perros,2001,https://nitrateonline.com/2001/ramores.html
194,Amélie,2001,https://nitrateonline.com/2001/ramelie.html
5852,Angel Eyes,2001,https://nitrateonline.com/2001/rangeleyes.html
9989,Antitrust,2001,https://nitrateonline.com/2001/rantitrust.html
28,Apocalypse Now,2001,https://nitrateonline.com/2001/rapocalypse.html
10865,Atlantis: The Lost Empire,2001,https://nitrateonline.com/2001/ratlantis.html
483169,Audition,2001,https://nitrateonline.com/2001/raudition.html
16161,Baby Boy,2001,https://nitrateonline.com/2001/rbabyboy.html
3134,Baise-moi,2001,https://nitrateonline.com/2001/rbaisemoi.html
3172,Bandits,2001,https://nitrateonline.com/2001/rbandits.html
1311564,Pachinko Battle Royale,2001,https://nitrateonline.com/2001/rbattle.html
942012,Before Night Falls,2001,https://nitrateonline.com/2001/rbefore.html
8007,Behind Enemy Lines,2001,https://nitrateonline.com/2001/renemy.html
102933,Things Behind the Sun,2001,https://nitrateonline.com/2001/rsun.html
12659,Beijing Bicycle,2001,https://nitrateonline.com/2001/rbicycle.html
27444,Better Than Sex,2001,https://nitrateonline.com/2001/rbetter.html
27444,Better Than Sex,2001,https://nitrateonline.com/2001/rsex.html
21056,Big Eden,2001,https://nitrateonline.com/2001/rbigeden.html
11469,Black Knight,2001,https://nitrateonline.com/2001/rblack.html
17203,Blow Dry,2001,https://nitrateonline.com/2001/rblowdry.html
11380,Bones,2001,https://nitrateonline.com/2001/rbones.html
26791,Brigham City,2001,https://nitrateonline.com/2001/rbrigham.html
9683,Bubble Boy,2001,https://nitrateonline.com/2001/rbubbleboy.html
115810,Calle 54,2001,https://nitrateonline.com/2001/rcalle54.html
32590,The Center of the World,2001,https://nitrateonline.com/2001/rcenter.html
12660,Charlotte Gray,2001,https://nitrateonline.com/2001/rcharlotte.html
1030095,Chunhyangjeon,2001,https://nitrateonline.com/2001/rchunghyang.html
10691,Crazy/Beautiful,2001,https://nitrateonline.com/2001/rcrazy.html
15813,Dark Blue World,2001,https://nitrateonline.com/2001/rdarkblueworld.html
11456,Domestic Disturbance,2001,https://nitrateonline.com/2001/rdomestic.html
141,Donnie Darko,2001,https://nitrateonline.com/2001/rdarko.html
18828,Double Take,2001,https://nitrateonline.com/2001/rdoubletake.html
10808,Dr. Dolittle 2,2001,https://nitrateonline.com/2001/rdolittle2.html
10577,Dracula 2000,2001,https://nitrateonline.com/2001/rdracula2k.html
10477,Driven,2001,https://nitrateonline.com/2001/rdriven.html
29507,Enlightenment Guaranteed,2001,https://nitrateonline.com/2001/renlightment.html
38047,Eureka,2001,https://nitrateonline.com/2001/reureka.html
9397,Evolution,2001,https://nitrateonline.com/2001/revolution.html
10877,Exit Wounds,2001,https://nitrateonline.com/2001/rwounds.html
570,Fat Girl,2001,https://nitrateonline.com/2001/rfatgirl.html
2749,15 Minutes,2001,https://nitrateonline.com/2001/r15mins.html
2114,Final Fantasy: The Spirits Within,2001,https://nitrateonline.com/2001/rfinal.html
2114,Final Fantasy: The Spirits Within,2001,https://nitrateonline.com/2001/rfantasy.html
407215,The Following Statement Came To Us,2001,https://nitrateonline.com/2001/rfollowing.html
768,From Hell,2001,https://nitrateonline.com/2001/rfromhell-1.html
768,From Hell,2001,https://nitrateonline.com/2001/rfromhell-2.html
1548,Ghost World,2001,https://nitrateonline.com/2001/rghost.html
10016,Ghosts of Mars,2001,https://nitrateonline.com/2001/rmars.html
10696,Glitter,2001,https://nitrateonline.com/2001/rglitter.html
75386,Haiku Tunnel,2001,https://nitrateonline.com/2001/rhaiku.html
271406,Hamlet: This Is Your Family,2001,https://nitrateonline.com/2001/rhamlet.html
9740,Hannibal,2001,https://nitrateonline.com/2001/rhannibal.html
20857,Hardball,2001,https://nitrateonline.com/2001/rhardball.html
24940,Head Over Heels,2001,https://nitrateonline.com/2001/rhead.html
10833,Heartbreakers,2001,https://nitrateonline.com/2001/rheartbreak.html
11313,Hearts in Atlantis,2001,https://nitrateonline.com/2001/rhearts.html
247166,The Animated Heavy Metal Parking Lot,2001,https://nitrateonline.com/2001/rheavy-2.html
247166,The Animated Heavy Metal Parking Lot,2001,https://nitrateonline.com/2001/rheavy.html
13403,Hedwig and the Angry Inch,2001,https://nitrateonline.com/2001/rhedwig.html
11088,Heist,2001,https://nitrateonline.com/2001/rheist-tiff.html
11088,Heist,2001,https://nitrateonline.com/2001/rheist.html
8386,How High,2001,https://nitrateonline.com/2001/rhigh.html
9696,Ichi the Killer,2001,https://nitrateonline.com/2001/richi.html
1999,In the Bedroom,2001,https://nitrateonline.com/2001/rbedroom.html
11845,Intimacy,2001,https://nitrateonline.com/2001/rintimacy.html
11889,Iris,2001,https://nitrateonline.com/2001/riris.html
2294,Jay and Silent Bob Strike Back,2001,https://nitrateonline.com/2001/rsilentbob.html
1456931,Great Pirates -Revenge in the Caribbean- / Jazzmania,2001,https://nitrateonline.com/2001/rjazz.html
12589,Jimmy Neutron: Boy Genius,2001,https://nitrateonline.com/2001/rneutron.html
10956,Joe Dirt,2001,https://nitrateonline.com/2001/rjoedirt.html
12312,Joe Somebody,2001,https://nitrateonline.com/2001/rsomebody.html
19366,Josie and the Pussycats,2001,https://nitrateonline.com/2001/rjosie.html
10866,Joy Ride,2001,https://nitrateonline.com/2001/rjoyride.html
331,Jurassic Park III,2001,https://nitrateonline.com/2001/rjurassicpark3.html
167,K-PAX,2001,https://nitrateonline.com/2001/rkpax.html
28171,Kandahar,2001,https://nitrateonline.com/2001/rkandahar.html
18734,L.I.E.,2001,https://nitrateonline.com/2001/rlie.html
1995,Lara Croft: Tomb Raider,2001,https://nitrateonline.com/2001/rtomb.html
218043,Left Behind,2001,https://nitrateonline.com/2001/rbehind.html
8835,Legally Blonde,2001,https://nitrateonline.com/2001/rblonde.html
20303,Life and Debt,2001,https://nitrateonline.com/2001/rlifedebt.html
18939,Little Otik,2001,https://nitrateonline.com/2001/rlittleotik-1.html
18939,Little Otik,2001,https://nitrateonline.com/2001/rlittleotik-2.html
120,The Lord of the Rings: The Fellowship of the Ring,2001,https://nitrateonline.com/2001/rlord.html
17612,Lost and Delirious,2001,https://nitrateonline.com/2001/rlost.html
604616,"Assassination: Colonial Style – Patrice Lumumba, an African Tragedy",2001,https://nitrateonline.com/2001/rlumumba.html
714808,Marcus Garvey: Look for Me in the Whirlwind,2001,https://nitrateonline.com/2001/rgarvey.html
77,Memento,2001,https://nitrateonline.com/2001/rmemento.html
824,Moulin Rouge!,2001,https://nitrateonline.com/2001/rmoulin.html
1018,Mulholland Drive,2001,https://nitrateonline.com/2001/rmulholland.html
25641,My First Mister,2001,https://nitrateonline.com/2001/rmister.html
11397,Not Another Teen Movie,2001,https://nitrateonline.com/2001/rteenmovie.html
120,The Lord of the Rings: The Fellowship of the Ring,2001,https://nitrateonline.com/2001/ro.html
134,"O Brother, Where Art Thou?",2001,https://nitrateonline.com/2001/robrother.html
34043,On the Line,2001,https://nitrateonline.com/2001/rontheline.html
2057,Original Sin,2001,https://nitrateonline.com/2001/roriginalsin.html
12610,Osmosis Jones,2001,https://nitrateonline.com/2001/rosmosis.html
869,Planet of the Apes,2001,https://nitrateonline.com/2001/rapes.html
12509,Pollock,2001,https://nitrateonline.com/2001/rpollock.html
9896,Rat Race,2001,https://nitrateonline.com/2001/rratrace.html
11091,Riding in Cars with Boys,2001,https://nitrateonline.com/2001/rriding.html
5175,Rush Hour 2,2001,https://nitrateonline.com/2001/rrushhour2.html
9816,Save the Last Dance,2001,https://nitrateonline.com/2001/rlastdance.html
10878,Saving Silverman,2001,https://nitrateonline.com/2001/rsilverman.html
4248,Scary Movie 2,2001,https://nitrateonline.com/2001/rscary2.html
39180,See Spot Run,2001,https://nitrateonline.com/2001/rspot.html
9778,Serendipity,2001,https://nitrateonline.com/2001/rserendipity.html
19513,Series 7: The Contenders,2001,https://nitrateonline.com/2001/rseries7.html
11826,Sexy Beast,2001,https://nitrateonline.com/2001/rsexy.html
10873,Shadow of the Vampire,2001,https://nitrateonline.com/2001/rshadow.html
808,Shrek,2001,https://nitrateonline.com/2001/rshrek.html
31016,Sidewalks of New York,2001,https://nitrateonline.com/2001/rsidewalks.html
357659,Making 'Snatch',2001,https://nitrateonline.com/2001/rsnatch.html
12658,Someone Like You...,2001,https://nitrateonline.com/2001/rsomeone.html
62677,Songcatcher,2001,https://nitrateonline.com/2001/rsongcatcher.html
1535,Spy Game,2001,https://nitrateonline.com/2001/rspygame.html
10054,Spy Kids,2001,https://nitrateonline.com/2001/rspykids.html
14268,Startup.com,2001,https://nitrateonline.com/2001/rstartup.html
26602,Summer Catch,2001,https://nitrateonline.com/2001/rsummercatch.html
1921,Sweet November,2001,https://nitrateonline.com/2001/rnovember.html
9705,Swordfish,2001,https://nitrateonline.com/2001/rswordfish.html
2575,The Tailor of Panama,2001,https://nitrateonline.com/2001/rpanama.html
23949,Tape,2001,https://nitrateonline.com/2001/rtape.html
16371,Tell Me Something,2001,https://nitrateonline.com/2001/rtellme.html
19076,The Affair of the Necklace,2001,https://nitrateonline.com/2001/raffair.html
220976,The Amati Girls,2001,https://nitrateonline.com/2001/ramati.html
26475,The Anniversary Party,2001,https://nitrateonline.com/2001/ranniversary.html
31064,The Business of Strangers,2001,https://nitrateonline.com/2001/rbusiness.html
11444,The Closet,2001,https://nitrateonline.com/2001/rcloset.html
2779,The Curse of the Jade Scorpion,2001,https://nitrateonline.com/2001/rjade.html
44069,The Day I Became a Woman,2001,https://nitrateonline.com/2001/rwoman.html
24936,The Deep End,2001,https://nitrateonline.com/2001/rdeepend.html
17731,The Fluffer,2001,https://nitrateonline.com/2001/rfluffer.html
29946,The Golden Bowl,2001,https://nitrateonline.com/2001/rgoldenbowl.html
25520,The House of Mirth,2001,https://nitrateonline.com/2001/rmirth.html
18856,The Invisible Circus,2001,https://nitrateonline.com/2001/rcircus.html
367329,The Killing Yard,2001,https://nitrateonline.com/2001/rkilling.html
2100,The Last Castle,2001,https://nitrateonline.com/2001/rlcastle.html
153141,The Low Down,2001,https://nitrateonline.com/2001/rlowdown.html
11086,The Majestic,2001,https://nitrateonline.com/2001/rmajestic.html
6073,The Mexican,2001,https://nitrateonline.com/2001/rmexican.html
318,The Million Dollar Hotel,2001,https://nitrateonline.com/2001/rmillion.html
1734,The Mummy Returns,2001,https://nitrateonline.com/2001/rmummy2.html
10796,The One,2001,https://nitrateonline.com/2001/rone.html
1933,The Others,2001,https://nitrateonline.com/2001/rothers.html
5955,The Pledge,2001,https://nitrateonline.com/2001/rpledge.html
9880,The Princess Diaries,2001,https://nitrateonline.com/2001/rdiaries.html
12276,The Road Home,2001,https://nitrateonline.com/2001/rroad.html
6440,The Shipping News,2001,https://nitrateonline.com/2001/rshippingnews.html
13408,The Wash,2001,https://nitrateonline.com/2001/rwash.html
140988,They Call Me Sirr,2001,https://nitrateonline.com/2001/rsirr.html
11973,Thirteen Days,2001,https://nitrateonline.com/2001/r13days.html
125093,Too Much Sleep,2001,https://nitrateonline.com/2001/rsleep.html
24113,Town & Country,2001,https://nitrateonline.com/2001/rtown.html
490161,S.P.I.T.: Squeegee Punks In Traffic,2001,https://nitrateonline.com/2001/rtraffic.html
2034,Training Day,2001,https://nitrateonline.com/2001/rtrainingday.html
25462,Two Can Play That Game,2001,https://nitrateonline.com/2001/rtwocan.html
10562,Under Suspicion,2001,https://nitrateonline.com/2001/runder.html
10984,Valentine,2001,https://nitrateonline.com/2001/rvalentine.html
1903,Vanilla Sky,2001,https://nitrateonline.com/2001/rvanillasky.html
9081,Waking Life,2001,https://nitrateonline.com/2001/rwaking.html
2171,Wet Hot American Summer,2001,https://nitrateonline.com/2001/rwet.html
49929,When Brendan Met Trudy,2001,https://nitrateonline.com/2001/rtrudy.html
59199,World Traveler,2001,https://nitrateonline.com/2001/rtraveler.html
9398,Zoolander,2001,https://nitrateonline.com/2001/rzoolander.html
1429,25th Hour,2002,https://nitrateonline.com/2002/r25thhour.html
2752,40 Days and 40 Nights,2002,https://nitrateonline.com/2002/r40days.html
65,8 Mile,2002,https://nitrateonline.com/2002/r8mile.html
1958,8 Women,2002,https://nitrateonline.com/2002/r8women.html
10229,A Walk to Remember,2002,https://nitrateonline.com/2002/rremember.html
15992,Abandon,2002,https://nitrateonline.com/2002/rabandon.html
245,About a Boy,2002,https://nitrateonline.com/2002/raboutaboy.html
245,About a Boy,2002,https://nitrateonline.com/2002/raboutaboy2.html
13950,All About the Benjamins,2002,https://nitrateonline.com/2002/rbenjamins.html
9932,Analyze That,2002,https://nitrateonline.com/2002/ranalyze.html
13435,Antwone Fisher,2002,https://nitrateonline.com/2002/rantwone.html
16351,Ararat,2002,https://nitrateonline.com/2002/rararat.html
818,Austin Powers in Goldmember,2002,https://nitrateonline.com/2002/rgoldmember.html
14112,Auto Focus,2002,https://nitrateonline.com/2002/rautofocus.html
3132,Bad Company,2002,https://nitrateonline.com/2002/rbadcompany.html
11853,Bad Girls,2002,https://nitrateonline.com/2002/rbadgirl.html
10611,Barbershop,2002,https://nitrateonline.com/2002/rbarbershop.html
12590,Below,2002,https://nitrateonline.com/2002/rbelow.html
2185,Big Trouble,2002,https://nitrateonline.com/2002/rbigtrouble.html
30586,Biggie & Tupac,2002,https://nitrateonline.com/2002/rbiggie2.html
437413,Birthday Girl,2002,https://nitrateonline.com/2002/rbirthday.html
1357289,The Essence of Combat: Making 'Black Hawk Down',2002,https://nitrateonline.com/2002/rblackhawk.html
36586,Blade II,2002,https://nitrateonline.com/2002/rblade2.html
100024,Bloodwork,2002,https://nitrateonline.com/2002/rbloodwork.html
4107,Bloody Sunday,2002,https://nitrateonline.com/2002/rsunday.html
9266,Blue Crush,2002,https://nitrateonline.com/2002/rbluecrush.html
1430,Bowling for Columbine,2002,https://nitrateonline.com/2002/rcolumbine.html
6312,Brotherhood of the Wolf,2002,https://nitrateonline.com/2002/rbrotherhood.html
37964,Brown Sugar,2002,https://nitrateonline.com/2002/rsugar.html
640,Catch Me If You Can,2002,https://nitrateonline.com/2002/rcatchme.html
1537,Changing Lanes,2002,https://nitrateonline.com/2002/rchanging.html
18408,Cherish,2002,https://nitrateonline.com/2002/rcherish.html
9884,Collateral Damage,2002,https://nitrateonline.com/2002/rcollateral.html
19973,Comedian,2002,https://nitrateonline.com/2002/rcomedian.html
17130,Crossroads,2002,https://nitrateonline.com/2002/rcrossroads.html
9266,Blue Crush,2002,https://nitrateonline.com/2002/rcrush.html
10836,Dagon,2002,https://nitrateonline.com/2002/rdagon.html
25853,Dahmer,2002,https://nitrateonline.com/2002/rdahmer.html
575,The Experiment,2002,https://nitrateonline.com/2002/rexperiment.html
36669,Die Another Day,2002,https://nitrateonline.com/2002/rdie.html
9275,Death to Smoochy,2002,https://nitrateonline.com/2002/rsmoochy.html
13201,Deuces Wild,2002,https://nitrateonline.com/2002/rdeuces.html
9583,Divine Secrets of the Ya-Ya Sisterhood,2002,https://nitrateonline.com/2002/ryayas.html
11880,Dog Soldiers,2002,https://nitrateonline.com/2002/rdogsold.html
10052,Dragonfly,2002,https://nitrateonline.com/2002/rdragonfly.html
13497,Drumline,2002,https://nitrateonline.com/2002/rdrumline.html
819513,E.T. the Extra-Terrestrial 20th Anniversary Special,2002,https://nitrateonline.com/2002/ret.html
8869,Eight Legged Freaks,2002,https://nitrateonline.com/2002/rfreaks.html
13369,Empire,2002,https://nitrateonline.com/2002/rempire.html
1957,Enough,2002,https://nitrateonline.com/2002/renough.html
7299,Equilibrium,2002,https://nitrateonline.com/2002/requilibrium.html
21868,Evelyn,2002,https://nitrateonline.com/2002/revelyn.html
15074,Extreme Ops,2002,https://nitrateonline.com/2002/rextreme.html
10712,Far from Heaven,2002,https://nitrateonline.com/2002/rfarheaven.html
9544,FearDotCom,2002,https://nitrateonline.com/2002/rcitybysea.html
9544,FearDotCom,2002,https://nitrateonline.com/2002/rfear.html
9280,Femme Fatale,2002,https://nitrateonline.com/2002/rfemme.html
1613,The 51st State,2002,https://nitrateonline.com/2002/rformula.html
12149,Frailty,2002,https://nitrateonline.com/2002/rfrailty.html
1360,Frida,2002,https://nitrateonline.com/2002/rfrida.html
15186,Full Frontal,2002,https://nitrateonline.com/2002/rfrontal.html
3131,Gangs of New York,2002,https://nitrateonline.com/2002/rgangs.html
1956,Gerry,2002,https://nitrateonline.com/2002/rgerry.html
777027,The Making of Gosford Park,2002,https://nitrateonline.com/2002/rgosford.html
10167,Half Past Dead,2002,https://nitrateonline.com/2002/rdead.html
11442,Halloween: Resurrection,2002,https://nitrateonline.com/2002/rhalloween.html
672,Harry Potter and the Chamber of Secrets,2002,https://nitrateonline.com/2002/rharry1.html
672,Harry Potter and the Chamber of Secrets,2002,https://nitrateonline.com/2002/rharry2.html
10575,Heaven,2002,https://nitrateonline.com/2002/rheaven2.html
11560,High Crimes,2002,https://nitrateonline.com/2002/rhcrimes.html
642045,After Many a Summer Dies the Swan: Hybrid,2002,https://nitrateonline.com/2002/rhybrid.html
8427,I Spy,2002,https://nitrateonline.com/2002/rispy.html
425,Ice Age,2002,https://nitrateonline.com/2002/riceage.html
52717,In Praise of Love,2002,https://nitrateonline.com/2002/rpraise.html
125764,In the Winter Dark,2002,https://nitrateonline.com/2002/rwinterdark.html
320,Insomnia,2002,https://nitrateonline.com/2002/rinsomnia-1.html
320,Insomnia,2002,https://nitrateonline.com/2002/rinsomnia-2.html
36584,Interview with the Assassin,2002,https://nitrateonline.com/2002/rassassin.html
33994,Ivansxtc,2002,https://nitrateonline.com/2002/rivans.html
18300,Jet Lag,2002,https://nitrateonline.com/2002/rjetlag.html
18300,Jet Lag,2002,https://nitrateonline.com/2002/rspirited2.html
8470,John Q,2002,https://nitrateonline.com/2002/rjohnq.html
15647,Kissing Jessica Stein,2002,https://nitrateonline.com/2002/rstein.html
11891,Kung Pow: Enter the Fist,2002,https://nitrateonline.com/2002/rkungpow.html
673126,The Nature of Lantana,2002,https://nitrateonline.com/2002/rlantana.html
64310,Sentimental Destinies,2002,https://nitrateonline.com/2002/rdestinees.html
16643,Life or Something Like It,2002,https://nitrateonline.com/2002/rlife.html
21972,Like Mike,2002,https://nitrateonline.com/2002/rlikemike.html
121,The Lord of the Rings: The Two Towers,2002,https://nitrateonline.com/2002/r2towers.html
35944,Lucky Break,2002,https://nitrateonline.com/2002/rlucky.html
35650,Maelström,2002,https://nitrateonline.com/2002/rmaelstrom.html
7303,Maid in Manhattan,2002,https://nitrateonline.com/2002/rmaid.html
26290,Me Without You,2002,https://nitrateonline.com/2002/rme.html
608,Men in Black II,2002,https://nitrateonline.com/2002/rmib2.html
123864,Leaving Metropolis,2002,https://nitrateonline.com/2002/rmetropolis.html
180,Minority Report,2002,https://nitrateonline.com/2002/rminority.html
480,Monsoon Wedding,2002,https://nitrateonline.com/2002/rmonsoon.html
31005,Moonlight Mile,2002,https://nitrateonline.com/2002/rmoonlight.html
2022,Mr. Deeds,2002,https://nitrateonline.com/2002/rdeeds.html
11892,Murder by Numbers,2002,https://nitrateonline.com/2002/rmurder.html
53198,My Voyage to Italy,2002,https://nitrateonline.com/2002/rvoyage.html
11022,Narc,2002,https://nitrateonline.com/2002/rnarc.html
21925,Naqoyqatsi,2002,https://nitrateonline.com/2002/rnaqoyqat.html
29339,Nicholas Nickleby,2002,https://nitrateonline.com/2002/rnicholas.html
10305,Nightcap,2002,https://nitrateonline.com/2002/rnightcap.html
18079,Nine Queens,2002,https://nitrateonline.com/2002/r9queens.html
57946,Margaret Cho: Notorious C.H.O.,2002,https://nitrateonline.com/2002/rcho.html
9357,One Hour Photo,2002,https://nitrateonline.com/2002/ronehour.html
11857,Orange County,2002,https://nitrateonline.com/2002/rorange.html
4547,Panic Room,2002,https://nitrateonline.com/2002/rpanic.html
32625,Personal Velocity,2002,https://nitrateonline.com/2002/rvelocity.html
55479,Piñero,2002,https://nitrateonline.com/2002/rpinero.html
30072,Possession,2002,https://nitrateonline.com/2002/rpossession.html
17180,The Princess Blade,2002,https://nitrateonline.com/2002/rblade.html
9719,Pumpkin,2002,https://nitrateonline.com/2002/rpumpkin.html
8051,Punch-Drunk Love,2002,https://nitrateonline.com/2002/rpunch.html
11979,Queen of the Damned,2002,https://nitrateonline.com/2002/rqueen.html
9555,Rabbit-Proof Fence,2002,https://nitrateonline.com/2002/rfence.html
30309,Real Women Have Curves,2002,https://nitrateonline.com/2002/rwomen.html
9533,Red Dragon,2002,https://nitrateonline.com/2002/rdragon.html
6278,Reign of Fire,2002,https://nitrateonline.com/2002/rfire.html
1576,Resident Evil,2002,https://nitrateonline.com/2002/revil.html
4147,Road to Perdition,2002,https://nitrateonline.com/2002/rperdition.html
13441,Roger Dodger,2002,https://nitrateonline.com/2002/rdodger.html
11535,Rollerball,2002,https://nitrateonline.com/2002/rrollerball.html
1809,The Rules of Attraction,2002,https://nitrateonline.com/2002/rattraction.html
23990,Scarlet Diva,2002,https://nitrateonline.com/2002/rscarlet.html
9637,Scooby-Doo,2002,https://nitrateonline.com/2002/rscooby.html
11013,Secretary,2002,https://nitrateonline.com/2002/rsecretary.html
5851,Showtime,2002,https://nitrateonline.com/2002/rshowtime.html
2675,Signs,2002,https://nitrateonline.com/2002/rsigns.html
9296,S1m0ne,2002,https://nitrateonline.com/2002/rsimone.html
20009,Slackers,2002,https://nitrateonline.com/2002/rslackers.html
11888,Snow Dogs,2002,https://nitrateonline.com/2002/rsnowdogs.html
2103,Solaris,2002,https://nitrateonline.com/2002/rsolaris.html
6020,Sorority Boys,2002,https://nitrateonline.com/2002/rsorority.html
557,Spider-Man,2002,https://nitrateonline.com/2002/rspiderman.html
11366,Uzumaki,2002,https://nitrateonline.com/2002/rspiral.html
9023,Spirit: Stallion of the Cimarron,2002,https://nitrateonline.com/2002/rspirit.html
129,Spirited Away,2002,https://nitrateonline.com/2002/rspirited.html
9488,Spy Kids 2: The Island of Lost Dreams,2002,https://nitrateonline.com/2002/rspykids2-1.html
9488,Spy Kids 2: The Island of Lost Dreams,2002,https://nitrateonline.com/2002/rspykids2-2.html
30192,Standing in the Shadows of Motown,2002,https://nitrateonline.com/2002/rstanding.html
201,Star Trek: Nemesis,2002,https://nitrateonline.com/2002/rnemesis.html
1894,Star Wars: Episode II - Attack of the Clones,2002,https://nitrateonline.com/2002/rclones.html
25006,State Property,2002,https://nitrateonline.com/2002/rstateprop.html
12770,Stealing Harvard,2002,https://nitrateonline.com/2002/rharvard.html
16550,Storytelling,2002,https://nitrateonline.com/2002/rstorytelling.html
4614,The Sum of All Fears,2002,https://nitrateonline.com/2002/rfears.html
57022,Sunshine State,2002,https://nitrateonline.com/2002/rsunshine2.html
11529,Sweet Home Alabama,2002,https://nitrateonline.com/2002/ralabama.html
20616,Swimfan,2002,https://nitrateonline.com/2002/rswimfan.html
39141,Tadpole,2002,https://nitrateonline.com/2002/rtadpole.html
11692,The Adventures of Pluto Nash,2002,https://nitrateonline.com/2002/rpluto.html
9034,The Banger Sisters,2002,https://nitrateonline.com/2002/rbanger.html
2501,The Bourne Identity,2002,https://nitrateonline.com/2002/rbourneid.html
11362,The Count of Monte Cristo,2002,https://nitrateonline.com/2002/rcount.html
18357,The Country Bears,2002,https://nitrateonline.com/2002/rbears.html
17043,The Crocodile Hunter: Collision Course,2002,https://nitrateonline.com/2002/rcroc.html
16857,The Dangerous Lives of Altar Boys,2002,https://nitrateonline.com/2002/rfast.html
16857,The Dangerous Lives of Altar Boys,2002,https://nitrateonline.com/2002/raltarboys.html
16857,The Dangerous Lives of Altar Boys,2002,https://nitrateonline.com/2002/raltarboys2.html
9093,The Four Feathers,2002,https://nitrateonline.com/2002/rfeathers.html
9962,The Good Girl,2002,https://nitrateonline.com/2002/rgoodgirl.html
15192,The Grey Zone,2002,https://nitrateonline.com/2002/rgreyzone.html
9026,The Importance of Being Earnest,2002,https://nitrateonline.com/2002/rearnest-1.html
9026,The Importance of Being Earnest,2002,https://nitrateonline.com/2002/rearnest-2.html
29047,The Kid Stays in the Picture,2002,https://nitrateonline.com/2002/rkidpic2.html
15720,The Man from Elysian Fields,2002,https://nitrateonline.com/2002/relysian.html
376739,Mark of Cain,2002,https://nitrateonline.com/2002/rcain.html
13908,The Master of Disguise,2002,https://nitrateonline.com/2002/rmaster.html
2637,The Mothman Prophecies,2002,https://nitrateonline.com/2002/rmothman.html
16651,The Other Side of Heaven,2002,https://nitrateonline.com/2002/rheaven.html
423,The Pianist,2002,https://nitrateonline.com/2002/rpianist.html
1791,The Piano Teacher,2002,https://nitrateonline.com/2002/rpiano.html
113369,The Pinochet Case,2002,https://nitrateonline.com/2002/rpinochet.html
8198,The Quiet American,2002,https://nitrateonline.com/2002/rquiet.html
121,The Lord of the Rings: The Two Towers,2002,https://nitrateonline.com/2002/rring.html
14635,The Rookie,2002,https://nitrateonline.com/2002/rrookie.html
687170,The Peter Bradley Show: 'The Royal Tenenbaums',2002,https://nitrateonline.com/2002/rroyalt-1.html
687170,The Peter Bradley Show: 'The Royal Tenenbaums',2002,https://nitrateonline.com/2002/rroyalt-2.html
9021,The Santa Clause 2,2002,https://nitrateonline.com/2002/rsanta2.html
9334,The Scorpion King,2002,https://nitrateonline.com/2002/rscorpion.html
16653,The Singles Ward,2002,https://nitrateonline.com/2002/rsingle.html
11812,The Sweetest Thing,2002,https://nitrateonline.com/2002/rsweetest.html
4108,The Transporter,2002,https://nitrateonline.com/2002/rtransporter.html
13440,The Truth About Charlie,2002,https://nitrateonline.com/2002/rcharlie.html
14317,The Wild Thornberrys Movie,2002,https://nitrateonline.com/2002/rthornberry.html
382182,Tosca,2002,https://nitrateonline.com/2002/rtosca.html
9039,Trapped,2002,https://nitrateonline.com/2002/rtrapped.html
9016,Treasure Planet,2002,https://nitrateonline.com/2002/rtreasure.html
151727,Trembling Before G-d,2002,https://nitrateonline.com/2002/rtrembling.html
20861,Tully,2002,https://nitrateonline.com/2002/rtully.html
2642,Two Weeks Notice,2002,https://nitrateonline.com/2002/r2weeks.html
12277,Undercover Brother,2002,https://nitrateonline.com/2002/rbrother.html
15070,Undisputed,2002,https://nitrateonline.com/2002/rundisputed.html
2251,Unfaithful,2002,https://nitrateonline.com/2002/runfaithful1.html
2251,Unfaithful,2002,https://nitrateonline.com/2002/runfaithful2.html
44768,Warm Water Under a Red Bridge,2002,https://nitrateonline.com/2002/rwater.html
10590,We Were Soldiers,2002,https://nitrateonline.com/2002/rsoldiers.html
10994,White Oleander,2002,https://nitrateonline.com/2002/roleander.html
12100,Windtalkers,2002,https://nitrateonline.com/2002/rwindtalkers.html
7451,xXx,2002,https://nitrateonline.com/2002/rxxx.html
841387,"Tu prima, tu hermana, la gata y tu mamá también",2002,https://nitrateonline.com/2002/rytuma.html
584,2 Fast 2 Furious,2003,https://nitrateonline.com/2003/r2fast.html
470,21 Grams,2003,https://nitrateonline.com/2003/r21grams.html
457513,Pure Rage: The Making of '28 Days Later',2003,https://nitrateonline.com/2003/r28days.html
14842,44 Minutes: The North Hollywood Shoot-Out,2003,https://nitrateonline.com/2003/r44minutes.html
38868,A Decade Under the Influence,2003,https://nitrateonline.com/2003/rdecade.html
9582,A Guy Thing,2003,https://nitrateonline.com/2003/rguy.html
8409,A Man Apart,2003,https://nitrateonline.com/2003/rmanapart.html
13370,A Mighty Wind,2003,https://nitrateonline.com/2003/rwind.html
2755,About Schmidt,2003,https://nitrateonline.com/2003/rschmidt.html
1147215,Raiders of the Lost Ark: The Adaptation,2003,https://nitrateonline.com/2003/radaptation.html
926180,Amandla,2003,https://nitrateonline.com/2003/ramandla.html
2771,American Splendor,2003,https://nitrateonline.com/2003/rsplendor.html
303118,American Storytellers,2003,https://nitrateonline.com/2003/rstory.html
8273,American Wedding,2003,https://nitrateonline.com/2003/rwedding.html
444459,National Theatre Live: Angels In America — Part One: Millennium Approaches,2003,https://nitrateonline.com/2003/rangels.html
9506,Anger Management,2003,https://nitrateonline.com/2003/ranger.html
8961,Bad Boys II,2003,https://nitrateonline.com/2003/rbadboys.html
10147,Bad Santa,2003,https://nitrateonline.com/2003/rbadsanta.html
10782,Basic,2003,https://nitrateonline.com/2003/rbasic.html
455,Bend It Like Beckham,2003,https://nitrateonline.com/2003/rbeckham.html
14290,Better Luck Tomorrow,2003,https://nitrateonline.com/2003/rbetterluck.html
9839,Beyond Borders,2003,https://nitrateonline.com/2003/rborders.html
587,Big Fish,2003,https://nitrateonline.com/2003/rbigfish.html
12253,Biker Boyz,2003,https://nitrateonline.com/2003/rbiker.html
107636,Black Rose Mansion,2003,https://nitrateonline.com/2003/rblckrse.html
46989,Blue Car,2003,https://nitrateonline.com/2003/rbluecar.html
9557,Boat Trip,2003,https://nitrateonline.com/2003/rboat.html
206065,Bonhoeffer,2003,https://nitrateonline.com/2003/rbonhoeffer.html
10678,Bringing Down the House,2003,https://nitrateonline.com/2003/rhouse.html
10009,Brother Bear,2003,https://nitrateonline.com/2003/rbear.html
310,Bruce Almighty,2003,https://nitrateonline.com/2003/rbruce.html
9104,Buffalo Soldiers,2003,https://nitrateonline.com/2003/rbuffalo.html
11817,Bulletproof Monk,2003,https://nitrateonline.com/2003/rmonk.html
11547,Cabin Fever,2003,https://nitrateonline.com/2003/rcabin.html
8696,Calendar Girls,2003,https://nitrateonline.com/2003/rcalendar.html
2260,Capturing the Friedmans,2003,https://nitrateonline.com/2003/rfriedmans.html
38244,Casa de los Babys,2003,https://nitrateonline.com/2003/rcasa.html
284096,Cet amour-là,2003,https://nitrateonline.com/2003/rcet.html
31932,City of Ghosts,2003,https://nitrateonline.com/2003/rghosts.html
598,City of God,2003,https://nitrateonline.com/2003/rcityofgod.html
598,City of God,2003,https://nitrateonline.com/2003/rcityofgod2.html
2289,Cold Mountain,2003,https://nitrateonline.com/2003/rcold.html
10743,Confidence,2003,https://nitrateonline.com/2003/rconfidence-1.html
10743,Confidence,2003,https://nitrateonline.com/2003/rconfidence-2.html
892153,Tom and Jerry Cowboy Up!,2003,https://nitrateonline.com/2003/rcowboy.html
10623,Cradle 2 the Grave,2003,https://nitrateonline.com/2003/rcradle.html
10708,Daddy Day Care,2003,https://nitrateonline.com/2003/rdaddy.html
9480,Daredevil,2003,https://nitrateonline.com/2003/rdaredevil.html
4911,Dark Blue,2003,https://nitrateonline.com/2003/rdarkblue.html
10727,Darkness Falls,2003,https://nitrateonline.com/2003/rdark.html
26454,Deliver Us from Eva,2003,https://nitrateonline.com/2003/reva.html
644983,Making of 'Demonlover',2003,https://nitrateonline.com/2003/rdemonlover.html
13778,Dickie Roberts: Former Child Star,2003,https://nitrateonline.com/2003/rdickie.html
3472,Dirty Pretty Things,2003,https://nitrateonline.com/2003/rdirty.html
553,Dogville,2003,https://nitrateonline.com/2003/rdogville.html
10720,Down with Love,2003,https://nitrateonline.com/2003/rdown.html
6171,Dreamcatcher,2003,https://nitrateonline.com/2003/rdreamcatcher.html
496835,Drifting Clouds,2003,https://nitrateonline.com/2003/rclouds.html
10152,Dumb and Dumberer: When Harry Met Lloyd,2003,https://nitrateonline.com/2003/rdumb.html
7288,Duplex,2003,https://nitrateonline.com/2003/rduplex.html
1807,Elephant,2003,https://nitrateonline.com/2003/relephant.html
10719,Elf,2003,https://nitrateonline.com/2003/relf.html
9358,Final Destination 2,2003,https://nitrateonline.com/2003/rdestination.html
9358,Final Destination 2,2003,https://nitrateonline.com/2003/rdestination2.html
12,Finding Nemo,2003,https://nitrateonline.com/2003/rnemo.html
10330,Freaky Friday,2003,https://nitrateonline.com/2003/rfreaky.html
6466,Freddy vs. Jason,2003,https://nitrateonline.com/2003/rfreddy.html
13416,Friday Night Lights,2003,https://nitrateonline.com/2003/rfriday.html
31246,From Justin to Kelly,2003,https://nitrateonline.com/2003/rjustin.html
784590,G-Sale,2003,https://nitrateonline.com/2003/rgsale.html
24982,Ghosts of the Abyss,2003,https://nitrateonline.com/2003/rabyss.html
8046,Gigli,2003,https://nitrateonline.com/2003/rgigli.html
3635,Girl with a Pearl Earring,2003,https://nitrateonline.com/2003/rpearl.html
3635,Girl with a Pearl Earring,2003,https://nitrateonline.com/2003/rpearl2.html
1277,Gloomy Sunday,2003,https://nitrateonline.com/2003/rgloomy-1.html
1277,Gloomy Sunday,2003,https://nitrateonline.com/2003/rgloomy-2.html
16072,Gods and Generals,2003,https://nitrateonline.com/2003/rgenerals.html
21765,Good Boy!,2003,https://nitrateonline.com/2003/rgoodboy.html
4970,Gothika,2003,https://nitrateonline.com/2003/rgothika.html
20210,Grind,2003,https://nitrateonline.com/2003/rgrind.html
10756,The Haunted Mansion,2003,https://nitrateonline.com/2003/rhaunted.html
12112,He Loves Me… He Loves Me Not,2003,https://nitrateonline.com/2003/rheloves.html
9776,Head of State,2003,https://nitrateonline.com/2003/rstate-1.html
9776,Head of State,2003,https://nitrateonline.com/2003/rstate-2.html
8326,Holes,2003,https://nitrateonline.com/2003/rholes.html
11375,Hollywood Homicide,2003,https://nitrateonline.com/2003/rhollywood.html
10028,Honey,2003,https://nitrateonline.com/2003/rhoney.html
11093,House of Sand and Fog,2003,https://nitrateonline.com/2003/rsand.html
17403,How to Deal,2003,https://nitrateonline.com/2003/rdeal.html
9919,How to Lose a Guy in 10 Days,2003,https://nitrateonline.com/2003/rlose.html
17920,I Capture the Castle,2003,https://nitrateonline.com/2003/rcastle.html
2832,Identity,2003,https://nitrateonline.com/2003/ridentity.html
10511,In America,2003,https://nitrateonline.com/2003/ramerica.html
10944,In the Cut,2003,https://nitrateonline.com/2003/rcut.html
11775,Intolerable Cruelty,2003,https://nitrateonline.com/2003/rcruelty-1.html
11775,Intolerable Cruelty,2003,https://nitrateonline.com/2003/rcruelty-2.html
979,Irreversible,2003,https://nitrateonline.com/2003/rirreverse.html
11351,Jeepers Creepers 2,2003,https://nitrateonline.com/2003/rjeepers.html
9486,Johnny English,2003,https://nitrateonline.com/2003/renglish.html
12090,Just Married,2003,https://nitrateonline.com/2003/rmarried.html
10628,Kangaroo Jack,2003,https://nitrateonline.com/2003/rkang.html
24,Kill Bill: Vol. 1,2003,https://nitrateonline.com/2003/rkillbillv1-1.html
24,Kill Bill: Vol. 1,2003,https://nitrateonline.com/2003/rkillbillv1-2.html
1083264,King of the Ants,2003,https://nitrateonline.com/2003/rants.html
1996,Lara Croft: Tomb Raider - The Cradle of Life,2003,https://nitrateonline.com/2003/rcradlelife.html
13819,Laurel Canyon,2003,https://nitrateonline.com/2003/rlaurel.html
9499,Le Divorce,2003,https://nitrateonline.com/2003/rdivorce.html
21052,Levity,2003,https://nitrateonline.com/2003/rlevity.html
50380,Lockdown,2003,https://nitrateonline.com/2003/rlockdown.html
10715,Looney Tunes: Back in Action,2003,https://nitrateonline.com/2003/rlooneytunes.html
122,The Lord of the Rings: The Return of the King,2003,https://nitrateonline.com/2003/rking.html
153,Lost in Translation,2003,https://nitrateonline.com/2003/rlost1.html
153,Lost in Translation,2003,https://nitrateonline.com/2003/rlost2.html
508,Love Actually,2003,https://nitrateonline.com/2003/rlove.html
677896,El matrimonio es como el manicomio,2003,https://nitrateonline.com/2003/rmanic.html
7270,Matchstick Men,2003,https://nitrateonline.com/2003/rmatchstick.html
604,The Matrix Reloaded,2003,https://nitrateonline.com/2003/rmatrix.html
605,The Matrix Revolutions,2003,https://nitrateonline.com/2003/rmatrix2.html
11820,Mona Lisa Smile,2003,https://nitrateonline.com/2003/rmonalisa.html
18602,Morvern Callar,2003,https://nitrateonline.com/2003/rmorvern.html
50314,My Architect: A Son's Journey,2003,https://nitrateonline.com/2003/rarchitect.html
62361,My Dinner with Jimi,2003,https://nitrateonline.com/2003/rjimi.html
322,Mystic River,2003,https://nitrateonline.com/2003/rmystic.html
11078,National Security,2003,https://nitrateonline.com/2003/rsecurity.html
32235,Northfork,2003,https://nitrateonline.com/2003/rnorthfork.html
251414,Nudity Required,2003,https://nitrateonline.com/2003/rnudity.html
11635,Old School,2003,https://nitrateonline.com/2003/roldschool.html
94996,On_Line,2003,https://nitrateonline.com/2003/ronline.html
1428,Once Upon a Time in Mexico,2003,https://nitrateonline.com/2003/rmexico.html
2055,Open Range,2003,https://nitrateonline.com/2003/ropen.html
2116,Out of Time,2003,https://nitrateonline.com/2003/rtime.html
15394,Owning Mahowny,2003,https://nitrateonline.com/2003/rmahowny.html
25536,PTU,2003,https://nitrateonline.com/2003/rptu.html
9620,Paycheck,2003,https://nitrateonline.com/2003/rpaycheck.html
1817,Phone Booth,2003,https://nitrateonline.com/2003/rphone.html
1550,Pieces of April,2003,https://nitrateonline.com/2003/rapril.html
22,Pirates of the Caribbean: The Curse of the Black Pearl,2003,https://nitrateonline.com/2003/rpirates.html
33171,Public Enemy,2003,https://nitrateonline.com/2003/rpublicenemy.html
13920,Radio,2003,https://nitrateonline.com/2003/rradio.html
30140,Rivers and Tides,2003,https://nitrateonline.com/2003/rrivers.html
447602,Robert Capa: In Love and War,2003,https://nitrateonline.com/2003/rcapa.html
11329,Runaway Jury,2003,https://nitrateonline.com/2003/rrunaway.html
9257,S.W.A.T.,2003,https://nitrateonline.com/2003/rswat.html
4256,Scary Movie 3,2003,https://nitrateonline.com/2003/rscary.html
4464,Seabiscuit,2003,https://nitrateonline.com/2003/rseabiscuit.html
13156,Secondhand Lions,2003,https://nitrateonline.com/2003/rlions.html
1926,September 11,2003,https://nitrateonline.com/2003/r911.html
72308,Shanghai Ghetto,2003,https://nitrateonline.com/2003/rghetto.html
13537,Shattered Glass,2003,https://nitrateonline.com/2003/rglass.html
14411,Sinbad: Legend of the Seven Seas,2003,https://nitrateonline.com/2003/rsinbad.html
23603,Sol Goode,2003,https://nitrateonline.com/2003/rsolgoode.html
592983,Spellbound,2003,https://nitrateonline.com/2003/rspellbound.html
270768,Daredevil vs. Spider-Man,2003,https://nitrateonline.com/2003/rspider.html
270768,Daredevil vs. Spider-Man,2003,https://nitrateonline.com/2003/rspider2.html
12279,Spy Kids 3-D: Game Over,2003,https://nitrateonline.com/2003/rspykids3-1.html
12279,Spy Kids 3-D: Game Over,2003,https://nitrateonline.com/2003/rspykids3-2.html
15292,Step Into Liquid,2003,https://nitrateonline.com/2003/rliquid.html
33255,Stoked: The Rise and Fall of Gator,2003,https://nitrateonline.com/2003/rstoked.html
723528,Stone Reader,2003,https://nitrateonline.com/2003/rstone.html
1792,Stuck on You,2003,https://nitrateonline.com/2003/rstuck.html
124825,Secrets of Sweet Sixteen,2003,https://nitrateonline.com/2003/rsweet16.html
302,Swimming Pool,2003,https://nitrateonline.com/2003/rswimming.html
31094,Taking Sides,2003,https://nitrateonline.com/2003/rsides.html
64,Talk to Her,2003,https://nitrateonline.com/2003/rtalk.html
9567,Tears of the Sun,2003,https://nitrateonline.com/2003/rtears.html
296,Terminator 3: Rise of the Machines,2003,https://nitrateonline.com/2003/rt3.html
9373,The Texas Chainsaw Massacre,2003,https://nitrateonline.com/2003/rtexas.html
128624,The Ballad of Bering Strait,2003,https://nitrateonline.com/2003/rballad.html
11042,The Barbarian Invasions,2003,https://nitrateonline.com/2003/rbarbarian-1.html
11042,The Barbarian Invasions,2003,https://nitrateonline.com/2003/rbarbarian-2.html
10588,The Cat in the Hat,2003,https://nitrateonline.com/2003/rcat.html
80556,The Chess Players,2003,https://nitrateonline.com/2003/rchess.html
10744,The Cooler,2003,https://nitrateonline.com/2003/rcooler.html
9341,The Core,2003,https://nitrateonline.com/2003/rcore.html
20689,The Dancer Upstairs,2003,https://nitrateonline.com/2003/rdancer.html
22309,The Fighting Temptations,2003,https://nitrateonline.com/2003/rfighting.html
12456,The Five Obstructions,2003,https://nitrateonline.com/2003/r5obstruct.html
49628,Greatest Heroes and Legends of The Bible: The Garden of Eden,2003,https://nitrateonline.com/2003/reden.html
33302,The Girl from Paris,2003,https://nitrateonline.com/2003/rparis.html
6016,The Good Thief,2003,https://nitrateonline.com/2003/rthief.html
16311,The Hard Word,2003,https://nitrateonline.com/2003/rhardword.html
1396661,Helena: First Pilgrim to the Holy Land,2003,https://nitrateonline.com/2003/rholyland.html
1927,Hulk,2003,https://nitrateonline.com/2003/rhulk.html
10922,The Human Stain,2003,https://nitrateonline.com/2003/rhuman.html
10632,The Hunted,2003,https://nitrateonline.com/2003/rhunted.html
9654,The Italian Job,2003,https://nitrateonline.com/2003/ritalian.html
14873,The Jungle Book 2,2003,https://nitrateonline.com/2003/rjungle.html
616,The Last Samurai,2003,https://nitrateonline.com/2003/rsamurai.html
77283,Lawless Heart,2003,https://nitrateonline.com/2003/rlawless.html
8698,The League of Extraordinary Gentlemen,2003,https://nitrateonline.com/2003/rleague.html
11615,The Life of David Gale,2003,https://nitrateonline.com/2003/rgale.html
18736,The Lizzie McGuire Movie,2003,https://nitrateonline.com/2003/rlizzie.html
8094,The Magdalene Sisters,2003,https://nitrateonline.com/2003/rmagdalene.html
10610,The Medallion,2003,https://nitrateonline.com/2003/rmedallion.html
9616,The Order,2003,https://nitrateonline.com/2003/rorder.html
40113,The Pentagon Papers,2003,https://nitrateonline.com/2003/rpentagon.html
1647,The Recruit,2003,https://nitrateonline.com/2003/rrecruit.html
11657,Le Cercle Rouge,2003,https://nitrateonline.com/2003/rcercle.html
10159,The Rundown,2003,https://nitrateonline.com/2003/rrundown.html
24186,The Safety of Objects,2003,https://nitrateonline.com/2003/rsafety.html
1584,School of Rock,2003,https://nitrateonline.com/2003/rschool.html
22958,The Shape of Things,2003,https://nitrateonline.com/2003/rshape.html
41488,The Statement,2003,https://nitrateonline.com/2003/rstatement.html
2056,The Station Agent,2003,https://nitrateonline.com/2003/rstation.html
155589,The Twilight Girls,2003,https://nitrateonline.com/2003/rtwilight.html
146269,The Young Unknowns,2003,https://nitrateonline.com/2003/ryoung.html
9562,Timeline,2003,https://nitrateonline.com/2003/rtimeline.html
249662,Come Together,2003,https://nitrateonline.com/2003/rtogether.html
24259,On the Run,2003,https://nitrateonline.com/2003/rtrilogy1.html
44674,After Life,2003,https://nitrateonline.com/2003/rtrilogy3.html
44539,An Amazing Couple,2003,https://nitrateonline.com/2003/rtrilogy2.html
21525,Tupac: Resurrection,2003,https://nitrateonline.com/2003/rtupac.html
10934,Under the Tuscan Sun,2003,https://nitrateonline.com/2003/rtuscan.html
277,Underworld,2003,https://nitrateonline.com/2003/runderworld.html
80243,Unknown Pleasures,2003,https://nitrateonline.com/2003/runknown.html
14926,Uptown Girls,2003,https://nitrateonline.com/2003/ruptown.html
10629,Veronica Guerin,2003,https://nitrateonline.com/2003/rveronica.html
1088,Whale Rider,2003,https://nitrateonline.com/2003/rwhale.html
96393,What Alice Found,2003,https://nitrateonline.com/2003/ralice.html
10735,What a Girl Wants,2003,https://nitrateonline.com/2003/rgirl.html
10929,Willard,2003,https://nitrateonline.com/2003/rwillard.html
11516,Winged Migration,2003,https://nitrateonline.com/2003/rwinged.html
4997,Wonderland,2003,https://nitrateonline.com/2003/rwonderland.html
9902,Wrong Turn,2003,https://nitrateonline.com/2003/rwrong.html
10096,13 Going on 30,2004,https://nitrateonline.com/2004/r13.html
8842,Against the Ropes,2004,https://nitrateonline.com/2004/rropes.html
5966,Along Came Polly,2004,https://nitrateonline.com/2004/rpolly.html
21301,Barbershop 2: Back in Business,2004,https://nitrateonline.com/2004/rbarbershop2.html
48140,Bon Voyage,2004,https://nitrateonline.com/2004/rbonvoyage.html
1319276,Broken Wings,2004,https://nitrateonline.com/2004/rbroken.html
20483,Catch That Kid,2004,https://nitrateonline.com/2004/rcatch.html
14844,Chasing Liberty,2004,https://nitrateonline.com/2004/rliberty.html
924,Dawn of the Dead,2004,https://nitrateonline.com/2004/rdawn.html
14442,Ella Enchanted,2004,https://nitrateonline.com/2004/rella.html
10710,Envy,2004,https://nitrateonline.com/2004/renvy.html
38,Eternal Sunshine of the Spotless Mind,2004,https://nitrateonline.com/2004/rsunshine.html
9352,EuroTrip,2004,https://nitrateonline.com/2004/reurotrip.html
202628,Experiments in Terror,2004,https://nitrateonline.com/2004/rterror.html
266687,Games People Play,2004,https://nitrateonline.com/2004/rgames.html
673,Harry Potter and the Prisoner of Azkaban,2004,https://nitrateonline.com/2004/rharrypotter3.html
1464018,Intermission,2004,https://nitrateonline.com/2004/rintermission.html
13433,Japanese Story,2004,https://nitrateonline.com/2004/rjstory.html
9541,Jersey Girl,2004,https://nitrateonline.com/2004/rjersey.html
393,Kill Bill: Vol. 2,2004,https://nitrateonline.com/2004/rkillbill2.html
61487,Mayor of the Sunset Strip,2004,https://nitrateonline.com/2004/rmayor.html
10625,Mean Girls,2004,https://nitrateonline.com/2004/rmeangirls.html
14292,Miracle,2004,https://nitrateonline.com/2004/rmiracle.html
11024,Scooby-Doo 2: Monsters Unleashed,2004,https://nitrateonline.com/2004/rmonster.html
292047,Tokyo Noir,2004,https://nitrateonline.com/2004/rnoi.html
20304,Never Die Alone,2004,https://nitrateonline.com/2004/rneverdie.html
14757,Osama,2004,https://nitrateonline.com/2004/rosama.html
4599,Raising Helen,2004,https://nitrateonline.com/2004/rhelen.html
43936,S21: The Khmer Rouge Killing Machine,2004,https://nitrateonline.com/2004/rs21.html
13193,Saved!,2004,https://nitrateonline.com/2004/rsaved.html
11024,Scooby-Doo 2: Monsters Unleashed,2004,https://nitrateonline.com/2004/rscooby2-2.html
11024,Scooby-Doo 2: Monsters Unleashed,2004,https://nitrateonline.com/2004/rscooby2.html
1586,Secret Window,2004,https://nitrateonline.com/2004/rsecret.html
809,Shrek 2,2004,https://nitrateonline.com/2004/rshrek2.html
11169,Spartan,2004,https://nitrateonline.com/2004/rspartan.html
9372,Super Size Me,2004,https://nitrateonline.com/2004/rsuper.html
206191,Sweet Ecstasy,2004,https://nitrateonline.com/2004/rsweetec.html
11081,Taking Lives,2004,https://nitrateonline.com/2004/rtaking.html
10733,The Alamo,2004,https://nitrateonline.com/2004/ralamo.html
89823,The Big Animal,2004,https://nitrateonline.com/2004/ranimal.html
12634,The Big Bounce,2004,https://nitrateonline.com/2004/rbounce.html
658290,The Burning Wall,2004,https://nitrateonline.com/2004/rburning.html
1954,The Butterfly Effect,2004,https://nitrateonline.com/2004/rbutterfly.html
2789,The Chronicles of Riddick,2004,https://nitrateonline.com/2004/rriddick.html
72958,The Clay Bird,2004,https://nitrateonline.com/2004/rclay.html
435,The Day After Tomorrow,2004,https://nitrateonline.com/2004/rday.html
494214,"Cinema, Sex, Politics: Bertolucci Makes ‘The Dreamers’",2004,https://nitrateonline.com/2004/rdreamers.html
44086,The Kite,2004,https://nitrateonline.com/2004/rkite.html
5516,The Ladykillers,2004,https://nitrateonline.com/2004/rladykillers.html
18841,The Lost Skeleton of Cadavra,2004,https://nitrateonline.com/2004/rcadavra.html
615,The Passion of the Christ,2004,https://nitrateonline.com/2004/rpassion-1.html
615,The Passion of the Christ,2004,https://nitrateonline.com/2004/rpassion-2.html
13505,The Perfect Score,2004,https://nitrateonline.com/2004/rperfect.html
25935,The Reckoning,2004,https://nitrateonline.com/2004/rreckon.html
9890,The Stepford Wives,2004,https://nitrateonline.com/2004/rstepford.html
10718,Torque,2004,https://nitrateonline.com/2004/rtorque.html
242581,Touching the Void: Return to Siula Grande,2004,https://nitrateonline.com/2004/rvoid.html
13572,Twisted,2004,https://nitrateonline.com/2004/rtwisted-1.html
13572,Twisted,2004,https://nitrateonline.com/2004/rtwisted-2.html
47952,Two Men Went To War,2004,https://nitrateonline.com/2004/rtwomen.html
156,Wilbur Wants to Kill Himself,2004,https://nitrateonline.com/2004/rwilbur.html
13476,Win a Date with Tad Hamilton!,2004,https://nitrateonline.com/2004/rtad.html
14114,You Got Served,2004,https://nitrateonline.com/2004/rserved.html
