imdb_id,title,review_url,label
tt0115433,101 Dalmatians,https://nitrateonline.com/1996/r101pups.html,Nitrate Online
tt0113986,Nine Months,https://nitrateonline.com/1996/r9months.html,Nitrate Online
tt0115759,Broken Arrow,https://nitrateonline.com/1996/rbarrow.html,Nitrate Online
tt0115685,The Birdcage,https://nitrateonline.com/1996/rbcage.html,Nitrate Online
tt0112688,Clockers,https://nitrateonline.com/1996/rclock.html,Nitrate Online
tt0112777,Dadetown,https://nitrateonline.com/1996/rdadetown.html,Nitrate Online
tt0116095,Diabolique,https://nitrateonline.com/1996/rdiabol.html,Nitrate Online
tt0117394,Deep Crimson,https://nitrateonline.com/1996/rdpcrim.html,Nitrate Online
tt0113161,Get Shorty,https://nitrateonline.com/1996/rgetshrt.html,Nitrate Online
tt0116414,Girl 6,https://nitrateonline.com/1996/rgirl6.html,Nitrate Online
tt0116790,Kolya,https://nitrateonline.com/1996/rkolya.html,Nitrate Online
tt0117398,La Promesse,https://nitrateonline.com/1996/rlapromesse.html,Nitrate Online
tt0113819,Mighty Aphrodite,https://nitrateonline.com/1996/rma.html,Nitrate Online
tt0117128,Mystery Science Theater 3000: The Movie,https://nitrateonline.com/1996/rmst3k.html,Nitrate Online
tt0117107,Mulholland Falls,https://nitrateonline.com/1996/rmulfalls.html,Nitrate Online
tt0117333,Phenomenon,https://nitrateonline.com/1996/rphenom.html,Nitrate Online
tt0117438,Ransom,https://nitrateonline.com/1996/rransom.html,Nitrate Online
tt0218581,The Scarlet Letter,https://nitrateonline.com/1996/rscarlet.html,Nitrate Online
tt0117765,Striptease,https://nitrateonline.com/1996/rstease.html,Nitrate Online
tt0117615,Shall We Dance,https://nitrateonline.com/1996/rswdance.html,Nitrate Online
tt0117913,A Time to Kill,https://nitrateonline.com/1996/rtimekll.html,Nitrate Online
tt0117918,Tin Cup,https://nitrateonline.com/1996/rtincup.html,Nitrate Online
tt0120391,Twenty-Four Seven,https://nitrateonline.com/1997/r247.html,Nitrate Online
tt0124179,Two Girls and a Guy,https://nitrateonline.com/1997/r2girls.html,Nitrate Online
tt0120102,Seven Years in Tibet,https://nitrateonline.com/1997/r7years.html,Nitrate Online
tt0118541,8 Heads in a Duffel Bag,https://nitrateonline.com/1997/r8heads.html,Nitrate Online
tt0112346,The American President,https://nitrateonline.com/1997/rampres.html,Nitrate Online
tt0112373,Anne Frank Remembered,https://nitrateonline.com/1997/rannefrk.html,Nitrate Online
tt0118632,The Apostle,https://nitrateonline.com/1997/rapostle.html,Nitrate Online
tt0118556,Addicted to Love,https://nitrateonline.com/1997/ratl.html,Nitrate Online
tt0119086,Excess Baggage,https://nitrateonline.com/1997/rbaggage.html,Nitrate Online
tt0118804,Butcher Boy,https://nitrateonline.com/1997/rbutcherboy.html,Nitrate Online
tt0118880,Con Air,https://nitrateonline.com/1997/rconair.html,Nitrate Online
tt0099558,Operation Condor,https://nitrateonline.com/1997/rcondor.html,Nitrate Online
tt0118883,Conspiracy Theory,https://nitrateonline.com/1997/rct.html,Nitrate Online
tt0112844,Denise Calls Up,https://nitrateonline.com/1997/rdenise.html,Nitrate Online
tt0116095,Diabolique,https://nitrateonline.com/1997/rdiabol.html,Nitrate Online
tt0112792,Dangerous Minds,https://nitrateonline.com/1997/rdminds.html,Nitrate Online
tt0119095,FairyTale - A True Story,https://nitrateonline.com/1997/rfairytale.html,Nitrate Online
tt0119125,Firelight,https://nitrateonline.com/1997/rfirelight.html,Nitrate Online
tt0119137,Flubber,https://nitrateonline.com/1997/rflubber.html,Nitrate Online
tt0119173,G.I. Jane,https://nitrateonline.com/1997/rgijane.html,Nitrate Online
tt0119906,Playing God,https://nitrateonline.com/1997/rgod.html,Nitrate Online
tt0120255,The Sweet Hereafter,https://nitrateonline.com/1997/rhereafter.html,Nitrate Online
tt0119311,Hoodlum,https://nitrateonline.com/1997/rhoodlum.html,Nitrate Online
tt0119395,The Jackal,https://nitrateonline.com/1997/rjackal.html,Nitrate Online
tt0113540,Kids,https://nitrateonline.com/1997/rkids.html,Nitrate Online
tt0119535,A Life Less Ordinary,https://nitrateonline.com/1997/rlordinary.html,Nitrate Online
tt0120112,She&#x27;s So Lovely,https://nitrateonline.com/1997/rlovely.html,Nitrate Online
tt0119592,Mad City,https://nitrateonline.com/1997/rmadcity.html,Nitrate Online
tt0119668,Midnight in the Garden of Good and Evil,https://nitrateonline.com/1997/rmidnite.html,Nitrate Online
tt0117128,Mystery Science Theater 3000: The Movie,https://nitrateonline.com/1997/rmst3k.html,Nitrate Online
tt0117107,Mulholland Falls,https://nitrateonline.com/1997/rmulfalls.html,Nitrate Online
tt0119746,The Myth of Fingerprints,https://nitrateonline.com/1997/rmyth.html,Nitrate Online
tt0119843,Oscar and Lucinda,https://nitrateonline.com/1997/roscar.html,Nitrate Online
tt0119848,Out to Sea,https://nitrateonline.com/1997/routtosea.html,Nitrate Online
tt0119896,Picture Perfect,https://nitrateonline.com/1997/rpicperfect.html,Nitrate Online
tt0119925,The Postman,https://nitrateonline.com/1997/rpostman.html,Nitrate Online
tt0119994,Red Corner,https://nitrateonline.com/1997/rredcorn.html,Nitrate Online
tt0120001,Regeneration,https://nitrateonline.com/1997/rregeneration.html,Nitrate Online
tt0120032,Romy and Michele&#x27;s High School Reunion,https://nitrateonline.com/1997/rromy.html,Nitrate Online
tt0218581,The Scarlet Letter,https://nitrateonline.com/1997/rscarlet.html,Nitrate Online
tt0111205,Sister My Sister,https://nitrateonline.com/1997/rsister.html,Nitrate Online
tt0120179,Speed 2,https://nitrateonline.com/1997/rspeed2.html,Nitrate Online
tt0120478,Star Kid,https://nitrateonline.com/1997/rstarkid.html,Nitrate Online
tt0119210,SwitchBack,https://nitrateonline.com/1997/rswitchback.html,Nitrate Online
tt0120373,Trial and Error,https://nitrateonline.com/1997/rtrial.html,Nitrate Online
tt0120394,Twin Town,https://nitrateonline.com/1997/rtwintown.html,Nitrate Online
tt0119590,Ma Vie en Rose,https://nitrateonline.com/1997/rvierose.html,Nitrate Online
tt0126344,I Went Down,https://nitrateonline.com/1997/rwentdown.html,Nitrate Online
tt0124179,Two Girls and a Guy,https://nitrateonline.com/1998/r2girls.html,Nitrate Online
tt0118541,8 Heads in a Duffel Bag,https://nitrateonline.com/1998/r8heads.html,Nitrate Online
tt0118556,Addicted to Love,https://nitrateonline.com/1998/ratl.html,Nitrate Online
tt0118661,The Avengers,https://nitrateonline.com/1998/ravengers.html,Nitrate Online
tt0120595,Babe - Pig in the City,https://nitrateonline.com/1998/rbabe.html,Nitrate Online
tt0131857,Baseketball,https://nitrateonline.com/1998/rbaseket.html,Nitrate Online
tt0120603,Beloved,https://nitrateonline.com/1998/rbeloved.html,Nitrate Online
tt0120610,Black Dog,https://nitrateonline.com/1998/rblackdog.html,Nitrate Online
tt0118755,The Borrowers,https://nitrateonline.com/1998/rborrow.html,Nitrate Online
tt0118798,Bulworth,https://nitrateonline.com/1998/rbulworth.html,Nitrate Online
tt0118804,Butcher Boy,https://nitrateonline.com/1998/rbutcherboy.html,Nitrate Online
tt0118863,Clay Pigeons,https://nitrateonline.com/1998/rclaypig.html,Nitrate Online
tt0150230,The Cruise,https://nitrateonline.com/1998/rcruise.html,Nitrate Online
tt0120576,Dance With Me,https://nitrateonline.com/1998/rdance.html,Nitrate Online
tt0116095,Diabolique,https://nitrateonline.com/1998/rdiabol.html,Nitrate Online
tt0112792,Dangerous Minds,https://nitrateonline.com/1998/rdminds.html,Nitrate Online
tt0159273,Enemy of the State,https://nitrateonline.com/1998/renemy.html,Nitrate Online
tt0119099,Fallen,https://nitrateonline.com/1998/rfallen.html,Nitrate Online
tt0120670,Firestorm,https://nitrateonline.com/1998/rfirestorm.html,Nitrate Online
tt0123324,Why Do Fools Fall In Love,https://nitrateonline.com/1998/rfools.html,Nitrate Online
tt0120706,The General,https://nitrateonline.com/1998/rgeneral.html,Nitrate Online
tt0119223,Great Expectations,https://nitrateonline.com/1998/rgreatexp.html,Nitrate Online
tt0120701,Holy Man,https://nitrateonline.com/1998/rholyman.html,Nitrate Online
tt0119304,Home Fries,https://nitrateonline.com/1998/rhomefries.html,Nitrate Online
tt0119313,Hope Floats,https://nitrateonline.com/1998/rhope.html,Nitrate Online
tt0119314,The Horse Whisperer,https://nitrateonline.com/1998/rhorsewhisperer.html,Nitrate Online
tt0118744,Hush,https://nitrateonline.com/1998/rhush.html,Nitrate Online
tt0120823,The Impostors,https://nitrateonline.com/1998/rimpostors.html,Nitrate Online
tt0113540,Kids,https://nitrateonline.com/1998/rkids.html,Nitrate Online
tt0120722,Living Out Loud,https://nitrateonline.com/1998/rlivingout.html,Nitrate Online
tt0120643,Dancing at Lughnasa,https://nitrateonline.com/1998/rlughnasa.html,Nitrate Online
tt0147004,Little Voice,https://nitrateonline.com/1998/rlvoice.html,Nitrate Online
tt0119592,Mad City,https://nitrateonline.com/1998/rmadcity.html,Nitrate Online
tt0120749,Mercury Rising,https://nitrateonline.com/1998/rmercrising.html,Nitrate Online
tt0119668,Midnight in the Garden of Good and Evil,https://nitrateonline.com/1998/rmidnite.html,Nitrate Online
tt0120751,Mighty Joe Young,https://nitrateonline.com/1998/rmjyoung.html,Nitrate Online
tt0117128,Mystery Science Theater 3000: The Movie,https://nitrateonline.com/1998/rmst3k.html,Nitrate Online
tt0117107,Mulholland Falls,https://nitrateonline.com/1998/rmulfalls.html,Nitrate Online
tt0120768,The Negotiator,https://nitrateonline.com/1998/rnegotiator.html,Nitrate Online
tt0119560,No Looking Back,https://nitrateonline.com/1998/rnolooking.html,Nitrate Online
tt0120772,The Object of My Affection,https://nitrateonline.com/1998/robject.html,Nitrate Online
tt0120777,The Opposite of Sex,https://nitrateonline.com/1998/roppositeofsex.html,Nitrate Online
tt0119843,Oscar and Lucinda,https://nitrateonline.com/1998/roscar.html,Nitrate Online
tt0120782,Palmetto,https://nitrateonline.com/1998/rpalmetto.html,Nitrate Online
tt0127722,Another Day in Paradise,https://nitrateonline.com/1998/rparadise.html,Nitrate Online
tt0120783,The Parent Trap,https://nitrateonline.com/1998/rparenttrap.html,Nitrate Online
tt0129290,Patch Adams,https://nitrateonline.com/1998/rpatchadams.html,Nitrate Online
tt0126604,Pecker,https://nitrateonline.com/1998/rpecker.html,Nitrate Online
tt0120788,Permanent Midnight,https://nitrateonline.com/1998/rpmidnight.html,Nitrate Online
tt0120787,A Perfect Murder,https://nitrateonline.com/1998/rpmurder.html,Nitrate Online
tt0119910,Polish Wedding,https://nitrateonline.com/1998/rpolishwedding.html,Nitrate Online
tt0119925,The Postman,https://nitrateonline.com/1998/rpostman.html,Nitrate Online
tt0146165,The Rat Pack,https://nitrateonline.com/1998/rratpack.html,Nitrate Online
tt0124595,Return to Paradise,https://nitrateonline.com/1998/rretpara.html,Nitrate Online
tt0165494,Ringmaster,https://nitrateonline.com/1998/rringmaster.html,Nitrate Online
tt0120032,Romy and Michele's High School Reunion,https://nitrateonline.com/1998/rromy.html,Nitrate Online
tt0120770,A Night at the Roxbury,https://nitrateonline.com/1998/rroxbury.html,Nitrate Online
tt0143874,Shattered Image,https://nitrateonline.com/1998/rsimage.html,Nitrate Online
tt0124879,Simon Birch,https://nitrateonline.com/1998/rsimon.html,Nitrate Online
tt0120828,"Six Days, Seven Nights",https://nitrateonline.com/1998/rsixdays.html,Nitrate Online
tt0139615,Slam,https://nitrateonline.com/1998/rslam.html,Nitrate Online
tt0120831,Slums of Beverly Hills,https://nitrateonline.com/1998/rslums.html,Nitrate Online
tt0120703,How Stella Got Her Groove Back,https://nitrateonline.com/1998/rstella.html,Nitrate Online
tt0120686,Stepmom,https://nitrateonline.com/1998/rstepmom.html,Nitrate Online
tt0120861,The Theory of Flight,https://nitrateonline.com/1998/rtflight.html,Nitrate Online
tt0120873,US Marshals,https://nitrateonline.com/1998/rusmarshals.html,Nitrate Online
tt0124198,Very Bad Things,https://nitrateonline.com/1998/rverybad.html,Nitrate Online
tt0335563,Next Stop Wonderland - Next Stop Wonderland,https://nitrateonline.com/1998/rwonderland.html,Nitrate Online
tt0137338,200 Cigarettes,https://nitrateonline.com/1999/r200cigs.html,Nitrate Online
tt0118564,Affliction,https://nitrateonline.com/1999/raffliction.html,Nitrate Online
tt0149691,Anywhere But Here,https://nitrateonline.com/1999/ranywhere.html,Nitrate Online
tt0118665,Baby Geniuses,https://nitrateonline.com/1999/rbaby.html,Nitrate Online
tt0120620,Brokedown Palace,https://nitrateonline.com/1999/rbdownp.html,Nitrate Online
tt0133412,Best Laid Plans,https://nitrateonline.com/1999/rbestlaid.html,Nitrate Online
tt0115675,Big Brass Ring,https://nitrateonline.com/1999/rbigbrass.html,Nitrate Online
tt0181316,Blue Streak,https://nitrateonline.com/1999/rblue.html,Nitrate Online
tt0172627,Body Shots,https://nitrateonline.com/1999/rbodyshots.html,Nitrate Online
tt0163579,Chill Factor,https://nitrateonline.com/1999/rchilly.html,Nitrate Online
tt0120633,A Civil Action,https://nitrateonline.com/1999/rcivil.html,Nitrate Online
tt0297162,Bringing Out the Dead,https://nitrateonline.com/1999/rdead.html,Nitrate Online
tt0205000,Deuce Bigalow: Male Gigolo,https://nitrateonline.com/1999/rdeuce.html,Nitrate Online
tt0131369,Edtv,https://nitrateonline.com/1999/redtv.html,Nitrate Online
tt0156794,Eternity and a Day,https://nitrateonline.com/1999/reternity.html,Nitrate Online
tt0116324,Flirting with Disaster,https://nitrateonline.com/1999/rflirting.html,Nitrate Online
tt0141098,Forces of Nature,https://nitrateonline.com/1999/rforces.html,Nitrate Online
tt0141369,Inspector Gadget,https://nitrateonline.com/1999/rgadget.html,Nitrate Online
tt0126916,For Love of the Game,https://nitrateonline.com/1999/rgame.html,Nitrate Online
tt0162973,Get Real,https://nitrateonline.com/1999/rgetreal.html,Nitrate Online
tt0122906,Among Giants,https://nitrateonline.com/1999/rgiants.html,Nitrate Online
tt0119219,"Goodbye, Lover",https://nitrateonline.com/1999/rgoodbye.html,Nitrate Online
tt0119207,God Said Ha!,https://nitrateonline.com/1999/rha.html,Nitrate Online
tt0128133,The Harmonists,https://nitrateonline.com/1999/rharmonists.html,Nitrate Online
tt0119336,Hurlyburly,https://nitrateonline.com/1999/rhurlyburly.html,Nitrate Online
tt0174856,Hurricane,https://nitrateonline.com/1999/rhurricane.html,Nitrate Online
tt0138510,Idle Hands,https://nitrateonline.com/1999/ridlehands.html,Nitrate Online
tt0120710,In Dreams,https://nitrateonline.com/1999/rindreams.html,Nitrate Online
tt0120716,Jakob the Liar,https://nitrateonline.com/1999/rjakob.html,Nitrate Online
tt0123923,Jeanne and the Perfect Guy,https://nitrateonline.com/1999/rjeannie.html,Nitrate Online
tt0151691,My Name is Joe,https://nitrateonline.com/1999/rjoe.html,Nitrate Online
tt0192194,Julien Donkey-Boy,https://nitrateonline.com/1999/rjuliendb.html,Nitrate Online
tt0160429,The King and I,https://nitrateonline.com/1999/rkingandi.html,Nitrate Online
tt0156729,Last Night,https://nitrateonline.com/1999/rlastnight.html,Nitrate Online
tt0282687,Life,https://nitrateonline.com/1999/rlife.html,Nitrate Online
tt0164085,Limbo,https://nitrateonline.com/1999/rlimbo.html,Nitrate Online
tt0120764,My Favorite Martian,https://nitrateonline.com/1999/rmartian.html,Nitrate Online
tt0119665,Metroland,https://nitrateonline.com/1999/rmetroland.html,Nitrate Online
tt0120757,The Mod Squad,https://nitrateonline.com/1999/rmodsquad.html,Nitrate Online
tt0140397,Mumford,https://nitrateonline.com/1999/rmumford.html,Nitrate Online
tt0166943,Music of the Heart,https://nitrateonline.com/1999/rmusic.html,Nitrate Online
tt0120899,My Life So Far,https://nitrateonline.com/1999/rmylife.html,Nitrate Online
tt0125439,No,https://nitrateonline.com/1999/rno.html,Nitrate Online
tt0125439,Notting Hill,https://nitrateonline.com/1999/rnottinghill.html,Nitrate Online
tt0129280,The Out of Towners,https://nitrateonline.com/1999/rootowners.html,Nitrate Online
tt0123209,The Other Sister,https://nitrateonline.com/1999/rothersis.html,Nitrate Online
tt0125971,Outside Providence,https://nitrateonline.com/1999/rprovidence.html,Nitrate Online
tt0120797,Pushing Tin,https://nitrateonline.com/1999/rpushingtin.html,Nitrate Online
tt0156934,Random Hearts,https://nitrateonline.com/1999/rranhearts.html,Nitrate Online
tt0120802,The Red Violin,https://nitrateonline.com/1999/rredviolin.html,Nitrate Online
tt0120801,RKO 281,https://nitrateonline.com/1999/rrko281.html,Nitrate Online
tt0194314,Romance,https://nitrateonline.com/1999/rromance.html,Nitrate Online
tt0163187,Runaway Bride,https://nitrateonline.com/1999/rrunaway2.html,Nitrate Online
tt0163187,Runaway Bride,https://nitrateonline.com/1999/rrunaway3.html,Nitrate Online
tt0132512,At First Sight,https://nitrateonline.com/1999/rsight.html,Nitrate Online
tt0145893,Simply Irresistible,https://nitrateonline.com/1999/rsimply.html,Nitrate Online
tt0133189,SLC Punk!,https://nitrateonline.com/1999/rslcpunk.html,Nitrate Online
tt0224156,Spectres of the Spectrum,https://nitrateonline.com/1999/rspectres.html,Nitrate Online
tt0174204,Simpatico,https://nitrateonline.com/1999/rsympatico.html,Nitrate Online
tt0120857,Tea with Mussolini,https://nitrateonline.com/1999/rtea.html,Nitrate Online
tt0160401,In Too Deep,https://nitrateonline.com/1999/rtoodeep.html,Nitrate Online
tt0161023,Tumbleweeds,https://nitrateonline.com/1999/rtumbleweeds.html,Nitrate Online
tt0138590,Twice Upon a Yesterday,https://nitrateonline.com/1999/rtwice.html,Nitrate Online
tt0105399,Twin Dragons,https://nitrateonline.com/1999/rtwindrag.html,Nitrate Online
tt0162830,Twin Falls Idaho,https://nitrateonline.com/1999/rtwinfalls.html,Nitrate Online
tt0176269,Universal Soldier: The Return,https://nitrateonline.com/1999/runisoldier.html,Nitrate Online
tt0139699,Varsity Blues,https://nitrateonline.com/1999/rvarsity.html,Nitrate Online
tt0120613,A Walk on the Moon,https://nitrateonline.com/1999/rwalkmoon.html,Nitrate Online
tt0169388,Windhorse,https://nitrateonline.com/1999/rwindhorse.html,Nitrate Online
tt0161100,The Wood,https://nitrateonline.com/1999/rwood.html,Nitrate Online
tt0115005,"Xiu Xiu, the Sent Down Girl",https://nitrateonline.com/1999/rxiuxiu.html,Nitrate Online
tt0168794,The Five Senses,https://nitrateonline.com/2000/r5senses.html,Nitrate Online
tt0190138,The Whole Nine Yards,https://nitrateonline.com/2000/r9yards.html,Nitrate Online
tt0167203,I Dreamed of Africa,https://nitrateonline.com/2000/rafrica.html,Nitrate Online
tt0343172,Alice and Martin,https://nitrateonline.com/2000/ralice.html,Nitrate Online
tt0204839,The Art of Amalia,https://nitrateonline.com/2000/ramalia.html,Nitrate Online
tt0211938,Bait,https://nitrateonline.com/2000/rbait.html,Nitrate Online
tt0221889,Beautiful,https://nitrateonline.com/2000/rbeautiful.html,Nitrate Online
tt0171580,Nurse Betty,https://nitrateonline.com/2000/rbetty.html,Nitrate Online
tt0181984,Boiler Room,https://nitrateonline.com/2000/rboilerroom.html,Nitrate Online
tt0204946,Bring It On,https://nitrateonline.com/2000/rbringiton.html,Nitrate Online
tt0123003,Bruno,https://nitrateonline.com/2000/rbruno.html,Nitrate Online
tt0236388,The Original Kings of Comedy,https://nitrateonline.com/2000/rcomedy.html,Nitrate Online
tt0144142,Committed,https://nitrateonline.com/2000/rcommitted.html,Nitrate Online
tt0198386,The Crew,https://nitrateonline.com/2000/rcrew.html,Nitrate Online
tt0235327,Dark Days,https://nitrateonline.com/2000/rdarkdays.html,Nitrate Online
tt0259072,A Time for Drunken Horses,https://nitrateonline.com/2000/rdhorses.html,Nitrate Online
tt0167423,Diamonds,https://nitrateonline.com/2000/rdiamonds.html,Nitrate Online
tt0243220,Disappearing Acts,https://nitrateonline.com/2000/rdisappearing.html,Nitrate Online
tt0186975,Down to You,https://nitrateonline.com/2000/rdown2u.html,Nitrate Online
tt0205271,Dr. T and the Women,https://nitrateonline.com/2000/rdrt.html,Nitrate Online
tt0134630,Duets,https://nitrateonline.com/2000/rduets.html,Nitrate Online
tt0172396,End of the Affair,https://nitrateonline.com/2000/rendaffair.html,Nitrate Online
tt0233687,The Eyes of Tammy Faye,https://nitrateonline.com/2000/reyes.html,Nitrate Online
tt0158622,The Flintstones in Viva Rock Vegas,https://nitrateonline.com/2000/rflintstones.html,Nitrate Online
tt0179182,Forever Mine,https://nitrateonline.com/2000/rforever.html,Nitrate Online
tt0181536,Finding Forrester,https://nitrateonline.com/2000/rforrester.html,Nitrate Online
tt0286788,Girl on a Bridge,https://nitrateonline.com/2000/rgirl.html,Nitrate Online
tt0210075,Girlfight,https://nitrateonline.com/2000/rgirlfight.html,Nitrate Online
tt0188640,Godzilla 2000,https://nitrateonline.com/2000/rgodzilla2K.html,Nitrate Online
tt0176783,Gossip,https://nitrateonline.com/2000/rgossip.html,Nitrate Online
tt0208261,The Life and Times of Hank Greenberg,https://nitrateonline.com/2000/rgreenberg.html,Nitrate Online
tt0265218,Half Past Autumn,https://nitrateonline.com/2000/rhalfpast.html,Nitrate Online
tt0162983,Hanging Up,https://nitrateonline.com/2000/rhangingup.html,Nitrate Online
tt0138487,Head On,https://nitrateonline.com/2000/rheadon.html,Nitrate Online
tt0198021,Where the Heart Is,https://nitrateonline.com/2000/rheart.html,Nitrate Online
tt0195778,Here on Earth,https://nitrateonline.com/2000/rhereonearth.html,Nitrate Online
tt0250425,Holiday Heart,https://nitrateonline.com/2000/rholiday.html,Nitrate Online
tt0197569,Humanite,https://nitrateonline.com/2000/rhumanite.html,Nitrate Online
tt0154421,The Idiots,https://nitrateonline.com/2000/ridiots.html,Nitrate Online
tt0163676,The In Crowd,https://nitrateonline.com/2000/rincrowd.html,Nitrate Online
tt0181618,Judy Berlin,https://nitrateonline.com/2000/rjudyberlin.html,Nitrate Online
tt0168912,Just One Time,https://nitrateonline.com/2000/rjustonetime.html,Nitrate Online
tt0248912,Into the Arms of Strangers: Stories of the Kindertransport,https://nitrateonline.com/2000/rkindertrans.html,Nitrate Online
tt0213790,The Ladies Man,https://nitrateonline.com/2000/rladies.html,Nitrate Online
tt0120848,Such a Long Journey,https://nitrateonline.com/2000/rlong.html,Nitrate Online
tt0217630,Loser,https://nitrateonline.com/2000/rloser.html,Nitrate Online
tt0263725,"My, Myself, I",https://nitrateonline.com/2000/rme.html,Nitrate Online
tt0149367,Where the Money Is,https://nitrateonline.com/2000/rmoney.html,Nitrate Online
tt0209189,Not One Less,https://nitrateonline.com/2000/rnotone.html,Nitrate Online
tt0119079,Onegin,https://nitrateonline.com/2000/ronegin.html,Nitrate Online
tt0138681,The Opportunists,https://nitrateonline.com/2000/ropportunists.html,Nitrate Online
tt0196857,Play it to the Bone,https://nitrateonline.com/2000/rplayit.html,Nitrate Online
tt0210234,Pokemon 2000,https://nitrateonline.com/2000/rpokemon2k.html,Nitrate Online
tt0149624,All the Pretty Horses,https://nitrateonline.com/2000/rprettyhorse.html,Nitrate Online
tt0188160,Price of Glory,https://nitrateonline.com/2000/rprice.html,Nitrate Online
tt0210943,Relative Values,https://nitrateonline.com/2000/rrelativev.html,Nitrate Online
tt0122459,Return to Me,https://nitrateonline.com/2000/rreturn.html,Nitrate Online
tt0131704,Rocky and Bullwinkle,https://nitrateonline.com/2000/rrocky.html,Nitrate Online
tt0202559,A Room for Romeo Brass,https://nitrateonline.com/2000/rromeob.html,Nitrate Online
tt0177227,Six Days in Roswell,https://nitrateonline.com/2000/rroswell.html,Nitrate Online
tt0160797,Rules of Engagement,https://nitrateonline.com/2000/rrules.html,Nitrate Online
tt0173910,Running Free,https://nitrateonline.com/2000/rrunningfree.html,Nitrate Online
tt0156323,Screwed,https://nitrateonline.com/2000/rscrewed.html,Nitrate Online
tt0120834,Snow Falling on Cedars,https://nitrateonline.com/2000/rsnow.html,Nitrate Online
tt0190027,Southpaw,https://nitrateonline.com/2000/rsouthpaw.html,Nitrate Online
tt0134983,SuperNova,https://nitrateonline.com/2000/rsupernova.html,Nitrate Online
tt0158371,Sweet and Lowdown,https://nitrateonline.com/2000/rsweetlow.html,Nitrate Online
tt0234853,The Tao of Steve,https://nitrateonline.com/2000/rtao.html,Nitrate Online
tt0205461,Thomas and the Magic Railroad,https://nitrateonline.com/2000/rthomas.html,Nitrate Online
tt0220100,Time Code,https://nitrateonline.com/2000/rtimecode.html,Nitrate Online
tt0127319,Titanic Town,https://nitrateonline.com/2000/rtitanictown.html,Nitrate Online
tt0151568,Topsy-Turvy,https://nitrateonline.com/2000/rtopsy.html,Nitrate Online
tt0216772,Turn It Up,https://nitrateonline.com/2000/rturnitup.html,Nitrate Online
tt0182508,Urbania,https://nitrateonline.com/2000/rurbania.html,Nitrate Online
tt0174330,Venus Beauty Institute,https://nitrateonline.com/2000/rvenus.html,Nitrate Online
tt0204626,The Watcher,https://nitrateonline.com/2000/rwatcher.html,Nitrate Online
tt0174336,Whipped,https://nitrateonline.com/2000/rwhipped.html,Nitrate Online
tt0120894,The Wisdom of Crocodiles,https://nitrateonline.com/2000/rwisdom.html,Nitrate Online
tt0217894,The Woman Chaser,https://nitrateonline.com/2000/rwomanchaser.html,Nitrate Online
tt0296166,What Women Want,https://nitrateonline.com/2000/rwomen.html,Nitrate Online
tt0335563,Wonderland,https://nitrateonline.com/2000/rwonderland.html,Nitrate Online
tt0146309,Thirteen Days,https://nitrateonline.com/2001/r13days.html,Nitrate Online
tt0213446,The Amati Girls,https://nitrateonline.com/2001/ramati.html,Nitrate Online
tt0225071,Angel Eyes,https://nitrateonline.com/2001/rangeleyes.html,Nitrate Online
tt0254099,The Anniversary Party,https://nitrateonline.com/2001/ranniversary.html,Nitrate Online
tt0255819,Baby Boy,https://nitrateonline.com/2001/rbabyboy.html,Nitrate Online
tt0221889,Beautiful Creatures,https://nitrateonline.com/2001/rbeautiful.html,Nitrate Online
tt0236019,Better Than Sex,https://nitrateonline.com/2001/rbetter.html,Nitrate Online
tt0276501,Beijing Bicycle,https://nitrateonline.com/2001/rbicycle.html,Nitrate Online
tt0212815,Big Eden,https://nitrateonline.com/2001/rbigeden.html,Nitrate Online
tt0265087,Black Knight,https://nitrateonline.com/2001/rblack.html,Nitrate Online
tt0212380,Blow Dry,https://nitrateonline.com/2001/rblowdry.html,Nitrate Online
tt0279493,Brother,https://nitrateonline.com/2001/rbrother.html,Nitrate Online
tt0250274,The Brothers,https://nitrateonline.com/2001/rbrothers.html,Nitrate Online
tt0258470,Bubble Boy,https://nitrateonline.com/2001/rbubbleboy.html,Nitrate Online
tt0260775,Calle 54,https://nitrateonline.com/2001/rcalle54.html,Nitrate Online
tt0240402,Center of the World,https://nitrateonline.com/2001/rcenter.html,Nitrate Online
tt0245046,Charlotte Gray,https://nitrateonline.com/2001/rcharlotte.html,Nitrate Online
tt0255094,The Circle,https://nitrateonline.com/2001/rcircle.html,Nitrate Online
tt0178642,The Invisible Circus,https://nitrateonline.com/2001/rcircus.html,Nitrate Online
tt0243493,The Closet,https://nitrateonline.com/2001/rcloset.html,Nitrate Online
tt0177650,Company Man,https://nitrateonline.com/2001/rcompanyman.html,Nitrate Online
tt0250224,Crazy/Beautiful,https://nitrateonline.com/2001/rcrazy.html,Nitrate Online
tt0240462,Dr. Dolittle 2,https://nitrateonline.com/2001/rdolittle2.html,Nitrate Online
tt0238948,Double Take,https://nitrateonline.com/2001/rdoubletake.html,Nitrate Online
tt0309530,Down to Earth,https://nitrateonline.com/2001/rdown.html,Nitrate Online
tt0219653,Dracula 2000,https://nitrateonline.com/2001/rdracula2k.html,Nitrate Online
tt0159273,Behind Enemy Lines,https://nitrateonline.com/2001/renemy.html,Nitrate Online
tt0243889,Eureka,https://nitrateonline.com/2001/reureka.html,Nitrate Online
tt0245115,The Fluffer,https://nitrateonline.com/2001/rfluffer.html,Nitrate Online
tt0118589,Glitter,https://nitrateonline.com/2001/rglitter.html,Nitrate Online
tt0200669,The Golden Bowl,https://nitrateonline.com/2001/rgoldenbowl.html,Nitrate Online
tt0273253,Haiku Tunnel,https://nitrateonline.com/2001/rhaiku.html,Nitrate Online
tt0192111,Head Over Heels,https://nitrateonline.com/2001/rhead.html,Nitrate Online
tt0280778,Iris,https://nitrateonline.com/2001/riris.html,Nitrate Online
tt0261755,Jackpot,https://nitrateonline.com/2001/rjackpot.html,Nitrate Online
tt0236348,Josie and the Pussycats,https://nitrateonline.com/2001/rjosie.html,Nitrate Online
tt0206314,Joy Ride,https://nitrateonline.com/2001/rjoyride.html,Nitrate Online
tt0258432,The Killing Yard,https://nitrateonline.com/2001/rkilling.html,Nitrate Online
tt0206275,Save the Last Dance,https://nitrateonline.com/2001/rlastdance.html,Nitrate Online
tt0242587,L.I.E.,https://nitrateonline.com/2001/rlie.html,Nitrate Online
tt0284262,Life and Debt,https://nitrateonline.com/2001/rlifedebt.html,Nitrate Online
tt0245238,Lost and Delirious,https://nitrateonline.com/2001/rlost.html,Nitrate Online
tt0251191,The Low Down,https://nitrateonline.com/2001/rlowdown.html,Nitrate Online
tt0227005,Made,https://nitrateonline.com/2001/rmade.html,Nitrate Online
tt0273799,Max Keeble&#x27;s Big Move,https://nitrateonline.com/2001/rmax.html,Nitrate Online
tt0206963,My First Mister,https://nitrateonline.com/2001/rmister.html,Nitrate Online
tt0230838,Sweet November,https://nitrateonline.com/2001/rnovember.html,Nitrate Online
tt0279286,On the Line,https://nitrateonline.com/2001/rontheline.html,Nitrate Online
tt0244000,American Outlaws,https://nitrateonline.com/2001/routlaws.html,Nitrate Online
tt0251031,Series 7: The Contenders,https://nitrateonline.com/2001/rseries7.html,Nitrate Online
tt0236019,Better Than Sex,https://nitrateonline.com/2001/rsex.html,Nitrate Online
tt0239986,Sidewalks of New York,https://nitrateonline.com/2001/rsidewalks.html,Nitrate Online
tt0239948,Saving Silverman,https://nitrateonline.com/2001/rsilverman.html,Nitrate Online
tt0256394,They Call Me Sirr,https://nitrateonline.com/2001/rsirr.html,Nitrate Online
tt0279889,Joe Somebody,https://nitrateonline.com/2001/rsomebody.html,Nitrate Online
tt0256408,Startup.COM,https://nitrateonline.com/2001/rstartup.html,Nitrate Online
tt0297037,Sugar &amp; Spice,https://nitrateonline.com/2001/rsugar.html,Nitrate Online
tt0234829,Summer Catch,https://nitrateonline.com/2001/rsummercatch.html,Nitrate Online
tt0275719,Tape,https://nitrateonline.com/2001/rtape.html,Nitrate Online
tt0220806,Tell Me Something,https://nitrateonline.com/2001/rtellme.html,Nitrate Online
tt0313443,Time and Tide,https://nitrateonline.com/2001/rtime.html,Nitrate Online
tt0141907,Town and Country,https://nitrateonline.com/2001/rtown.html,Nitrate Online
tt0262911,World Traveler,https://nitrateonline.com/2001/rtraveler.html,Nitrate Online
tt0220157,When Brendan Met Trudy,https://nitrateonline.com/2001/rtrudy.html,Nitrate Online
tt0269341,Two Can Play That Game,https://nitrateonline.com/2001/rtwocan.html,Nitrate Online
tt0164212,Under Suspicion,https://nitrateonline.com/2001/runder.html,Nitrate Online
tt0290332,The Wash,https://nitrateonline.com/2001/rwash.html,Nitrate Online
tt0243655,Wet Hot American Summer,https://nitrateonline.com/2001/rwet.html,Nitrate Online
tt0242445,Exit Wounds,https://nitrateonline.com/2001/rwounds.html,Nitrate Online
tt0267248,Abandon,https://nitrateonline.com/2002/rabandon.html,Nitrate Online
tt0305240,Agitator,https://nitrateonline.com/2002/ragitator.html,Nitrate Online
tt0308411,Interview with the Assassin,https://nitrateonline.com/2002/rassassin.html,Nitrate Online
tt0303714,Barbershop,https://nitrateonline.com/2002/rbarbershop.html,Nitrate Online
tt0276033,The Country Bears,https://nitrateonline.com/2002/rbears.html,Nitrate Online
tt0276816,Below,https://nitrateonline.com/2002/rbelow.html,Nitrate Online
tt0246464,Big Trouble,https://nitrateonline.com/2002/rbigtrouble.html,Nitrate Online
tt0300532,Blue Crush,https://nitrateonline.com/2002/rbluecrush.html,Nitrate Online
tt0279493,Undercover Brother,https://nitrateonline.com/2002/rbrother.html,Nitrate Online
tt0298798,Cherish,https://nitrateonline.com/2002/rcherish.html,Nitrate Online
tt0328962,Comedian,https://nitrateonline.com/2002/rcomedian.html,Nitrate Online
tt0305396,The Crocodile Hunter: Collision Course,https://nitrateonline.com/2002/rcroc.html,Nitrate Online
tt0300532,Crush,https://nitrateonline.com/2002/rcrush.html,Nitrate Online
tt0285728,Dahmer,https://nitrateonline.com/2002/rdahmer.html,Nitrate Online
tt0297162,Half Past Dead,https://nitrateonline.com/2002/rdead.html,Nitrate Online
tt0216689,Les Destinées sentimentales,https://nitrateonline.com/2002/rdestinees.html,Nitrate Online
tt0231448,Deuces Wild,https://nitrateonline.com/2002/rdeuces.html,Nitrate Online
tt0303933,Drumline,https://nitrateonline.com/2002/rdrumline.html,Nitrate Online
tt0265307,The Man From Elysian Fields,https://nitrateonline.com/2002/relysian.html,Nitrate Online
tt0262396,Empire,https://nitrateonline.com/2002/rempire.html,Nitrate Online
tt0298856,Evelyn,https://nitrateonline.com/2002/revelyn.html,Nitrate Online
tt0283160,Extreme Ops,https://nitrateonline.com/2002/rextreme.html,Nitrate Online
tt0240510,The Four Feathers,https://nitrateonline.com/2002/rfeathers.html,Nitrate Online
tt0227984,Formula 51,https://nitrateonline.com/2002/rformula.html,Nitrate Online
tt0302674,Gerry,https://nitrateonline.com/2002/rgerry.html,Nitrate Online
tt0229002,Green Dragon,https://nitrateonline.com/2002/rgreendr.html,Nitrate Online
tt0265808,Stealing Harvard,https://nitrateonline.com/2002/rharvard.html,Nitrate Online
tt0250371,The Other Side of Heaven,https://nitrateonline.com/2002/rheaven.html,Nitrate Online
tt0160399,Impostor,https://nitrateonline.com/2002/rimpostor.html,Nitrate Online
tt0238321,Ivansxtc,https://nitrateonline.com/2002/rivans.html,Nitrate Online
tt0293116,Jet Lag,https://nitrateonline.com/2002/rjetlag.html,Nitrate Online
tt0240468,Kung Pow,https://nitrateonline.com/2002/rkungpow.html,Nitrate Online
tt0253200,Last Orders,https://nitrateonline.com/2002/rlastorders.html,Nitrate Online
tt0360139,Liberty Stands Still,https://nitrateonline.com/2002/rliberty.html,Nitrate Online
tt0282687,Life or Something Like It,https://nitrateonline.com/2002/rlife.html,Nitrate Online
tt0308506,Like Mike,https://nitrateonline.com/2002/rlikemike.html,Nitrate Online
tt0246134,Lucky Break,https://nitrateonline.com/2002/rlucky.html,Nitrate Online
tt0220627,Maelström,https://nitrateonline.com/2002/rmaelstrom.html,Nitrate Online
tt0295427,The Master of Disguise,https://nitrateonline.com/2002/rmaster.html,Nitrate Online
tt0263725,Me without You,https://nitrateonline.com/2002/rme.html,Nitrate Online
tt0179098,Moonlight,https://nitrateonline.com/2002/rmoonlight.html,Nitrate Online
tt0145937,Naqoyqatsi,https://nitrateonline.com/2002/rnaqoyqat.html,Nitrate Online
tt0309912,Nicholas Nickleby,https://nitrateonline.com/2002/rnicholas.html,Nitrate Online
tt0283139,White Oleander,https://nitrateonline.com/2002/roleander.html,Nitrate Online
tt0294431,The Pinochet Case,https://nitrateonline.com/2002/rpinochet.html,Nitrate Online
tt0180052,The Adventures of Pluto Nash,https://nitrateonline.com/2002/rpluto.html,Nitrate Online
tt0181912,In Praise of Love,https://nitrateonline.com/2002/rpraise.html,Nitrate Online
tt0265591,Pumpkin,https://nitrateonline.com/2002/rpumpkin.html,Nitrate Online
tt0258068,The Quiet American,https://nitrateonline.com/2002/rquiet.html,Nitrate Online
tt0281358,A Walk to Remember,https://nitrateonline.com/2002/rremember.html,Nitrate Online
tt0265662,The Rookie,https://nitrateonline.com/2002/rrookie.html,Nitrate Online
tt0218581,Scarlet Diva,https://nitrateonline.com/2002/rscarlet.html,Nitrate Online
tt0284490,Showtime,https://nitrateonline.com/2002/rshowtime.html,Nitrate Online
tt0266452,Death to Smoochy,https://nitrateonline.com/2002/rsmoochy.html,Nitrate Online
tt0281373,Snow Dogs,https://nitrateonline.com/2002/rsnowdogs.html,Nitrate Online
tt0279781,Sorority Boys,https://nitrateonline.com/2002/rsorority.html,Nitrate Online
tt0293116,Jet Lag,https://nitrateonline.com/2002/rspirited2.html,Nitrate Online
tt0314725,Standing in the Shadows of Motown,https://nitrateonline.com/2002/rstanding.html,Nitrate Online
tt0301893,State Property,https://nitrateonline.com/2002/rstateprop.html,Nitrate Online
tt0264761,Kissing Jessica Stein,https://nitrateonline.com/2002/rstein.html,Nitrate Online
tt0297037,Brown Sugar,https://nitrateonline.com/2002/rsugar.html,Nitrate Online
tt0286179,Sunshine State,https://nitrateonline.com/2002/rsunshine2.html,Nitrate Online
tt0283026,Swimfan,https://nitrateonline.com/2002/rswimfan.html,Nitrate Online
tt0282120,The Wild Thornberrys Movie,https://nitrateonline.com/2002/rthornberry.html,Nitrate Online
tt0313443,The Time Machine,https://nitrateonline.com/2002/rtime.html,Nitrate Online
tt0280380,Trapped,https://nitrateonline.com/2002/rtrapped.html,Nitrate Online
tt0281322,Undisputed,https://nitrateonline.com/2002/rundisputed.html,Nitrate Online
tt0295238,Personal Velocity,https://nitrateonline.com/2002/rvelocity.html,Nitrate Online
tt0289054,Warm Water under a Red Bridge,https://nitrateonline.com/2002/rwater.html,Nitrate Online
tt0123114,In the Winter Dark,https://nitrateonline.com/2002/rwinterdark.html,Nitrate Online
tt0296166,Real Women Have Curves,https://nitrateonline.com/2002/rwomen.html,Nitrate Online
tt0362389,44 Minutes,https://nitrateonline.com/2003/r44minutes.html,Nitrate Online
tt0328802,September 11,https://nitrateonline.com/2003/r911.html,Nitrate Online
tt0297144,Ghosts of the Abyss,https://nitrateonline.com/2003/rabyss.html,Nitrate Online
tt0343172,What Alice Found,https://nitrateonline.com/2003/ralice.html,Nitrate Online
tt0305224,Anger Management,https://nitrateonline.com/2003/ranger.html,Nitrate Online
tt0373175,My Architect,https://nitrateonline.com/2003/rarchitect.html,Nitrate Online
tt0319029,The Ballad of Bering Strait,https://nitrateonline.com/2003/rballad.html,Nitrate Online
tt0280477,Better Luck Tomorrow,https://nitrateonline.com/2003/rbetterluck.html,Nitrate Online
tt0326769,Biker Boyz,https://nitrateonline.com/2003/rbiker.html,Nitrate Online
tt0064556,Black Rose Mansion,https://nitrateonline.com/2003/rblckrse.html,Nitrate Online
tt0290145,Blue Car,https://nitrateonline.com/2003/rbluecar.html,Nitrate Online
tt0285462,Boat Trip,https://nitrateonline.com/2003/rboat.html,Nitrate Online
tt0337909,Calendar Girls,https://nitrateonline.com/2003/rcalendar.html,Nitrate Online
tt0342939,Robert Capa: In Love and War,https://nitrateonline.com/2003/rcapa.html,Nitrate Online
tt0303830,Casa de Los Babys,https://nitrateonline.com/2003/rcasa.html,Nitrate Online
tt0300015,I Capture the Castle,https://nitrateonline.com/2003/rcastle.html,Nitrate Online
tt0277622,Cet Amour-là,https://nitrateonline.com/2003/rcet.html,Nitrate Online
tt0318374,The Cooler,https://nitrateonline.com/2003/rcooler.html,Nitrate Online
tt0279331,Dark Blue,https://nitrateonline.com/2003/rdarkblue.html,Nitrate Online
tt0342275,A Decade Under the Influence,https://nitrateonline.com/2003/rdecade.html,Nitrate Online
tt0325258,Dickie Roberts: Former Child Star,https://nitrateonline.com/2003/rdickie.html,Nitrate Online
tt0306734,Le Divorce,https://nitrateonline.com/2003/rdivorce.html,Nitrate Online
tt0309530,Down with Love,https://nitrateonline.com/2003/rdown.html,Nitrate Online
tt0329028,Dumb and Dumberer,https://nitrateonline.com/2003/rdumb.html,Nitrate Online
tt0266489,Duplex,https://nitrateonline.com/2003/rduplex.html,Nitrate Online
tt0289176,Emerald Cowboy,https://nitrateonline.com/2003/remcowboy.html,Nitrate Online
tt0301181,Deliver Us From Eva,https://nitrateonline.com/2003/reva.html,Nitrate Online
tt0191133,The Fighting Temptations,https://nitrateonline.com/2003/rfighting.html,Nitrate Online
tt0342172,Capturing the Friedmans,https://nitrateonline.com/2003/rfriedmans.html,Nitrate Online
tt0279111,Gods and Generals,https://nitrateonline.com/2003/rgenerals.html,Nitrate Online
tt0318068,Shanghai Ghetto,https://nitrateonline.com/2003/rghetto.html,Nitrate Online
tt0164003,City of Ghosts,https://nitrateonline.com/2003/rghosts.html,Nitrate Online
tt0286788,What a Girl Wants,https://nitrateonline.com/2003/rgirl.html,Nitrate Online
tt0155722,Gloomy Sunday,https://nitrateonline.com/2003/rgloomy-1.html,Nitrate Online
tt0155722,Gloomy Sunday,https://nitrateonline.com/2003/rgloomy-2.html,Nitrate Online
tt0326900,Good Boy!,https://nitrateonline.com/2003/rgoodboy.html,Nitrate Online
tt0338077,Grind,https://nitrateonline.com/2003/rgrind.html,Nitrate Online
tt0357686,G-Sale,https://nitrateonline.com/2003/rgsale.html,Nitrate Online
tt0295289,A Guy Thing,https://nitrateonline.com/2003/rguy.html,Nitrate Online
tt0280490,The Hard Word,https://nitrateonline.com/2003/rhardword.html,Nitrate Online
tt0198021,The Heart of Me,https://nitrateonline.com/2003/rheart.html,Nitrate Online
tt0291579,"He Loves Me, He Loves Me Not",https://nitrateonline.com/2003/rheloves.html,Nitrate Online
tt0322589,Honey,https://nitrateonline.com/2003/rhoney.html,Nitrate Online
tt0314786,The In-Laws,https://nitrateonline.com/2003/rinlaws.html,Nitrate Online
tt0339034,From Justin to Kelly,https://nitrateonline.com/2003/rjustin.html,Nitrate Online
tt0298408,Laurel Canyon,https://nitrateonline.com/2003/rlaurel.html,Nitrate Online
tt0276276,The Lawless Heart,https://nitrateonline.com/2003/rlawless.html,Nitrate Online
tt0304328,Levity,https://nitrateonline.com/2003/rlevity.html,Nitrate Online
tt0327137,Secondhand Lions,https://nitrateonline.com/2003/rlions.html,Nitrate Online
tt0308508,Step Into Liquid,https://nitrateonline.com/2003/rliquid.html,Nitrate Online
tt0306841,The Lizzie McGuire Movie,https://nitrateonline.com/2003/rlizzie.html,Nitrate Online
tt0196708,Lockdown,https://nitrateonline.com/2003/rlockdown.html,Nitrate Online
tt0285861,Owning Mahowny,https://nitrateonline.com/2003/rmahowny.html,Nitrate Online
tt0305711,Just Married,https://nitrateonline.com/2003/rmarried.html,Nitrate Online
tt0273799,Max,https://nitrateonline.com/2003/rmax.html,Nitrate Online
tt0288045,The Medallion,https://nitrateonline.com/2003/rmedallion.html,Nitrate Online
tt0341495,Naked Weapon,https://nitrateonline.com/2003/rnaked.html,Nitrate Online
tt0322659,Northfork,https://nitrateonline.com/2003/rnorthfork.html,Nitrate Online
tt0302886,Old School,https://nitrateonline.com/2003/roldschool.html,Nitrate Online
tt0302889,On_Line,https://nitrateonline.com/2003/ronline.html,Nitrate Online
tt0240149,The Girl from Paris,https://nitrateonline.com/2003/rparis.html,Nitrate Online
tt0250638,PTU,https://nitrateonline.com/2003/rptu.html,Nitrate Online
tt0306909,Public Enemy,https://nitrateonline.com/2003/rpublicenemy.html,Nitrate Online
tt0286516,Respiro,https://nitrateonline.com/2003/rrespiro.html,Nitrate Online
tt0307385,Rivers and Tides,https://nitrateonline.com/2003/rrivers.html,Nitrate Online
tt0256359,The Safety of Objects,https://nitrateonline.com/2003/rsafety.html,Nitrate Online
tt0308878,The Shape of Things,https://nitrateonline.com/2003/rshape.html,Nitrate Online
tt0260414,Taking Sides,https://nitrateonline.com/2003/rsides.html,Nitrate Online
tt0165982,Sinbad: Legend of the Seven Seas,https://nitrateonline.com/2003/rsinbad.html,Nitrate Online
tt0275692,Sol Goode,https://nitrateonline.com/2003/rsolgoode.html,Nitrate Online
tt0325537,Head of State,https://nitrateonline.com/2003/rstate-1.html,Nitrate Online
tt0325537,Head of State,https://nitrateonline.com/2003/rstate-2.html,Nitrate Online
tt0340376,The Statement,https://nitrateonline.com/2003/rstatement.html,Nitrate Online
tt0271211,Stoked: The Rise and Fall of Gator,https://nitrateonline.com/2003/rstoked.html,Nitrate Online
tt0212142,American Storytellers,https://nitrateonline.com/2003/rstory.html,Nitrate Online
tt0257076,S.W.A.T.,https://nitrateonline.com/2003/rswat.html,Nitrate Online
tt0313443,Out of Time,https://nitrateonline.com/2003/rtime.html,Nitrate Online
tt0140638,Tu Ridi,https://nitrateonline.com/2003/rturidi.html,Nitrate Online
tt0049084,The Twilight Girls,https://nitrateonline.com/2003/rtwilight.html,Nitrate Online
tt0318025,Unknown Pleasures,https://nitrateonline.com/2003/runknown.html,Nitrate Online
tt0263757,Uptown Girls,https://nitrateonline.com/2003/ruptown.html,Nitrate Online
tt0310357,Willard,https://nitrateonline.com/2003/rwillard.html,Nitrate Online
tt0335563,Wonderland,https://nitrateonline.com/2003/rwonderland.html,Nitrate Online
tt0186719,The Young Unknowns,https://nitrateonline.com/2003/ryoung.html,Nitrate Online
tt0118665,My Baby&#x27;s Daddy,https://nitrateonline.com/2004/rbaby.html,Nitrate Online
tt0337579,Barbershop 2: Back in Business,https://nitrateonline.com/2004/rbarbershop2.html,Nitrate Online
tt0350668,The Burning Wall,https://nitrateonline.com/2004/rburning.html,Nitrate Online
tt0337917,Catch That Kid,https://nitrateonline.com/2004/rcatch.html,Nitrate Online
tt0319836,The Clay Bird,https://nitrateonline.com/2004/rclay.html,Nitrate Online
tt0371683,Games People Play: New York,https://nitrateonline.com/2004/rgames.html,Nitrate Online
tt0377610,The Kite,https://nitrateonline.com/2004/rkite.html,Nitrate Online
tt0360139,Chasing Liberty,https://nitrateonline.com/2004/rliberty.html,Nitrate Online
tt0230512,Mayor of the Sunset Strip,https://nitrateonline.com/2004/rmayor.html,Nitrate Online
tt0354766,Never Die Alone,https://nitrateonline.com/2004/rneverdie.html,Nitrate Online
tt0343135,Along Came Polly,https://nitrateonline.com/2004/rpolly.html,Nitrate Online
tt0258816,The Reckoning,https://nitrateonline.com/2004/rreckon.html,Nitrate Online
tt0312329,Against the Ropes,https://nitrateonline.com/2004/rropes.html,Nitrate Online
tt0368954,S21: The Khmer Rouge Killing Machine,https://nitrateonline.com/2004/rs21.html,Nitrate Online
tt0335559,Win a Date with Tad Hamilton!,https://nitrateonline.com/2004/rtad.html,Nitrate Online
tt0427225,Experiments in Terror,https://nitrateonline.com/2004/rterror.html,Nitrate Online
tt0329691,Torque,https://nitrateonline.com/2004/rtorque.html,Nitrate Online
tt0304857,Two Men Went to War,https://nitrateonline.com/2004/rtwomen.html,Nitrate Online
tt0329767,Wilbur Wants to Kill Himself,https://nitrateonline.com/2004/rwilbur.html,Nitrate Online
